账号名称,直播id,直播标题,开播时间,关播时间,直播时长,峰值人数,平均人数,收获音浪,粉丝音浪,非粉音浪,首次送礼用户音浪,送礼人数,送礼粉丝人数,送礼非粉人数,首次送礼人数,预计收入,曝光人数,观看人数,观看粉丝人数,观看非粉人数,涨粉人数,掉粉人数,加团人数,人均停留时长,粉丝人均停留时长,非粉人均停留时长,评论人数,评论粉丝人数,评论非粉人数,点赞次数,点赞粉丝次数,点赞非粉次数,分享次数,分享粉丝次数,分享非粉次数,曝光分布,观看分布,群内粉丝,群外粉丝,观看率,涨粉率,评论率,送礼率,粉丝观看率,粉丝评论率,粉丝点赞率,粉丝分享率,粉丝送礼率,群内粉丝率,创建时间
财经葛先生,7560627436254251827,"今天A股为什么没有大跌？！",2025-10-13 08:56:22,2025-10-13 08:56:22,0,,,,,,,,,,,,,197,,,,,,99,,,,,,,,,,,,{},{},,,,,,,,,,,,,2025-10-13 08:56:22
财经葛先生,7560643258989202186,"",2025-10-13 09:57:45,2025-10-13 09:57:45,0,,,,,,,,,,,,,200,,,,,,94,,,,,,,,,,,,{},{},,,,,,,,,,,,,2025-10-13 09:57:45
财经葛先生,7560980379551304486,"",2025-10-14 07:45:55,2025-10-14 07:45:55,0,,,,,,,,,,,,,1,,,,,,181,,,,,,,,,,,,{},{},,,,,,,,,,,,,2025-10-14 07:45:55
财经葛先生,7560982127495613234,"",2025-10-14 07:52:47,2025-10-14 07:52:47,0,,,,,,,,,,,,,2,,,,,,71,,,,,,,,,,,,{},{},,,,,,,,,,,,,2025-10-14 07:52:47
财经葛先生,7560982773930969865,"",2025-10-14 07:55:06,2025-10-14 07:55:06,0,,,,,,,,,,,,,2,,,,,,24,,,,,,,,,,,,{},{},,,,,,,,,,,,,2025-10-14 07:55:06
财经葛先生,7560984969993472794,"",2025-10-14 08:03:36,2025-10-14 08:03:36,0,,,,,,,,,,,,,33,,,,,,34,,,,,,,,,,,,{},{},,,,,,,,,,,,,2025-10-14 08:03:36
财经葛先生,7560987838796401459,"今天A股为什么没有大跌？！",2025-10-14 08:14:59,2025-10-14 08:14:59,0,,,,,,,,,,,,,198,,,,,,135,,,,,,,,,,,,{},{},,,,,,,,,,,,,2025-10-14 08:14:59
财经葛先生,7561290220033805094,"今天A股为什么没有大跌？！",2025-10-15 03:48:17,2025-10-15 03:48:17,0,,,,,,,,,,,,,200,,,,,,114,,,,,,,,,,,,{},{},,,,,,,,,,,,,2025-10-15 03:48:17
财经葛先生,7561382061320194866,"今天A股大盘涨的太好了",2025-10-15 09:44:35,2025-10-15 09:44:35,0,,,,,,,,,,,,,200,,,,,,148,,,,,,,,,,,,{},{},,,,,,,,,,,,,2025-10-15 09:44:35
财经葛先生,7561747436910857011,"",2025-10-16 09:22:36,2025-10-16 09:22:36,0,,,,,,,,,,,,,1,,,,,,84,,,,,,,,,,,,{},{},,,,,,,,,,,,,2025-10-16 09:22:36
财经葛先生,7561748558915980082,"大盘好，个股不给力？",2025-10-16 09:26:58,2025-10-16 09:26:58,0,,,,,,,,,,,,,160,,,,,,31,,,,,,,,,,,,{},{},,,,,,,,,,,,,2025-10-16 09:26:58
财经葛先生,7562012633335876402,"大盘好，个股不给力？",2025-10-17 02:31:25,2025-10-17 02:31:25,0,,,,,,,,,,,,,107,,,,,,71,,,,,,,,,,,,{},{},,,,,,,,,,,,,2025-10-17 02:31:25
财经葛先生,7563242880010029833,"行情反弹，明天大盘怎么走",2025-10-20 10:05:35,2025-10-20 10:05:35,0,,,,,,,,,,,,,198,,,,,,55,,,,,,,,,,,,{},{},,,,,,,,,,,,,2025-10-20 10:05:35
财经葛先生,7563600416953453362,"行情反弹，明天大盘怎么走",2025-10-21 09:13:06,2025-10-21 09:13:06,0,,,,,,,,,,,,,199,,,,,,108,,,,,,,,,,,,{},{},,,,,,,,,,,,,2025-10-21 09:13:06
财经葛先生,7563859189496335114,"行情反弹，明天大盘怎么走",2025-10-22 01:57:13,2025-10-22 01:57:13,0,,,,,,,,,,,,,198,,,,,,122,,,,,,,,,,,,{},{},,,,,,,,,,,,,2025-10-22 01:57:13
财经葛先生,7563930443058268955,"黄金大跌，被套的怎么办",2025-10-22 06:33:36,2025-10-22 06:33:36,0,,,,,,,,,,,,,201,,,,,,434,,,,,,,,,,,,{},{},,,,,,,,,,,,,2025-10-22 06:33:36
财经葛先生,7563975597136153353,"黄金大跌，被套的怎么办",2025-10-22 09:29:01,2025-10-22 09:29:01,0,,,,,,,,,,,,,226,,,,,,1307,,,,,,,,,,,,{},{},,,,,,,,,,,,,2025-10-22 09:29:01
财经葛先生,7564298167181675291,"黄金大跌，被套的怎么办",2025-10-23 06:20:28,2025-10-23 06:20:28,0,,,,,,,,,,,,,228,,,,,,1560,,,,,,,,,,,,{},{},,,,,,,,,,,,,2025-10-23 06:20:28
财经葛先生,7564613157826693898,"黄金止跌，A股回涨，短期怎么操作",2025-10-24 02:42:59,2025-10-24 02:42:59,0,,,,,,,,,,,,,221,,,,,,1327,,,,,,,,,,,,{},{},,,,,,,,,,,,,2025-10-24 02:42:59
财经葛先生,7564719063692266250,"黄金止跌，A股回涨，短期怎么操作",2025-10-24 09:34:01,2025-10-24 09:34:01,0,,,,,,,,,,,,,229,,,,,,1524,,,,,,,,,,,,{},{},,,,,,,,,,,,,2025-10-24 09:34:01
财经葛先生,7565772119393553162,"黄金止跌，A股回涨，短期怎么操作",2025-10-27 05:40:20,2025-10-27 05:40:20,0,,,,,,,,,,,,,203,,,,,,585,,,,,,,,,,,,{},{},,,,,,,,,,,,,2025-10-27 05:40:20
财经葛先生,7565838075428129587,"黄金止跌，A股回涨，短期怎么操作",2025-10-27 09:56:12,2025-10-27 09:56:12,0,,,,,,,,,,,,,206,,,,,,1103,,,,,,,,,,,,{},{},,,,,,,,,,,,,2025-10-27 09:56:12
财经葛先生,7566096761018682150,"",2025-10-28 02:40:12,2025-10-28 02:40:12,0,,,,,,,,,,,,,199,,,,,,106,,,,,,,,,,,,{},{},,,,,,,,,,,,,2025-10-28 02:40:12
财经葛先生,7566103790605077257,"A股4000点，重点后续怎么走",2025-10-28 03:07:23,2025-10-28 03:07:23,0,,,,,,,,,,,,,199,,,,,,181,,,,,,,,,,,,{},{},,,,,,,,,,,,,2025-10-28 03:07:23
财经葛先生,7566190820509190938,"黄金跌破900，重点后续怎么走",2025-10-28 08:45:07,2025-10-28 08:45:07,0,,,,,,,,,,,,,266,,,,,,1250,,,,,,,,,,,,{},{},,,,,,,,,,,,,2025-10-28 08:45:07
财经葛先生,7566209926905760550,"",2025-10-28 09:59:06,2025-10-28 09:59:06,0,,,,,,,,,,,,,1,,,,,,32,,,,,,,,,,,,{},{},,,,,,,,,,,,,2025-10-28 09:59:06
财经葛先生,7566508125004516123,"黄金跌破900，重点后续怎么走",2025-10-29 05:16:20,2025-10-29 05:16:20,0,,,,,,,,,,,,,231,,,,,,1683,,,,,,,,,,,,{},{},,,,,,,,,,,,,2025-10-29 05:16:20
财经葛先生,7566572842110290698,"黄金跌破900，重点后续怎么走",2025-10-29 09:27:32,2025-10-29 09:27:32,0,,,,,,,,,,,,,269,,,,,,1387,,,,,,,,,,,,{},{},,,,,,,,,,,,,2025-10-29 09:27:32
财经葛先生,7566845547728554803,"黄金跌破900，重点后续怎么走",2025-10-30 03:05:49,2025-10-30 03:05:49,0,,,,,,,,,,,,,363,,,,,,1170,,,,,,,,,,,,{},{},,,,,,,,,,,,,2025-10-30 03:05:49
财经葛先生,7566944523796974346,"黄金跌破900，重点后续怎么走",2025-10-30 09:29:54,2025-10-30 09:29:54,0,,,,,,,,,,,,,375,,,,,,1307,,,,,,,,,,,,{},{},,,,,,,,,,,,,2025-10-30 09:29:54
财经葛先生,7567215480340171558,"黄金跌破900，重点后续怎么走",2025-10-31 03:01:10,2025-10-31 03:01:10,0,,,,,,,,,,,,,423,,,,,,1207,,,,,,,,,,,,{},{},,,,,,,,,,,,,2025-10-31 03:01:10
财经葛先生,7567320111095663406,"黄金跌破900，重点后续怎么走",2025-10-31 09:47:18,2025-10-31 09:47:18,0,,,,,,,,,,,,,409,,,,,,1406,,,,,,,,,,,,{},{},,,,,,,,,,,,,2025-10-31 09:47:18
财经葛先生,7568366592271141682,"黄金跌破900，重点后续怎么走",2025-11-03 05:28:13,2025-11-03 05:28:13,0,,,,,,,,,,,,,386,,,,,,1245,,,,,,,,,,,,{},{},,,,,,,,,,,,,2025-11-03 05:28:13
财经葛先生,7568432854212873010,"黄金跌破900，重点后续怎么走",2025-11-03 09:45:19,2025-11-03 09:45:19,0,,,,,,,,,,,,,366,,,,,,1582,,,,,,,,,,,,{},{},,,,,,,,,,,,,2025-11-03 09:45:19
财经葛先生,7568745702857706250,"黄金跌破900，重点后续怎么走",2025-11-04 05:59:10,2025-11-04 05:59:10,0,,,,,,,,,,,,,390,,,,,,1250,,,,,,,,,,,,{},{},,,,,,,,,,,,,2025-11-04 05:59:10
财经葛先生,7568800943656291082,"黄金跌破900，重点后续怎么走",2025-11-04 09:33:35,2025-11-04 09:33:35,0,,,,,,,,,,,,,368,,,,,,1392,,,,,,,,,,,,{},{},,,,,,,,,,,,,2025-11-04 09:33:35
财经葛先生,7569088865785350938,"黄金跌破900，重点后续怎么走",2025-11-05 04:10:56,2025-11-05 04:10:56,0,,,,,,,,,,,,,372,,,,,,1721,,,,,,,,,,,,{},{},,,,,,,,,,,,,2025-11-05 04:10:56
财经葛先生,7569173277944613641,"黄金跌破900，重点后续怎么走",2025-11-05 09:38:31,2025-11-05 09:38:31,0,,,,,,,,,,,,,363,,,,,,1638,,,,,,,,,,,,{},{},,,,,,,,,,,,,2025-11-05 09:38:31
财经葛先生,7569459058191272730,"黄金跌破900，重点后续怎么走",2025-11-06 04:07:36,2025-11-06 04:07:36,0,,,,,,,,,,,,,355,,,,,,1657,,,,,,,,,,,,{},{},,,,,,,,,,,,,2025-11-06 04:07:36
财经葛先生,7569539863188441906,"黄金跌破900，重点后续怎么走",2025-11-06 09:21:08,2025-11-06 09:21:08,0,,,,,,,,,,,,,353,,,,,,1594,,,,,,,,,,,,{},{},,,,,,,,,,,,,2025-11-06 09:21:08
财经葛先生,7569917400658135834,"黄金跌破900，重点后续怎么走",2025-11-07 09:46:07,2025-11-07 09:46:07,0,,,,,,,,,,,,,359,,,,,,1441,,,,,,,,,,,,{},{},,,,,,,,,,,,,2025-11-07 09:46:07
财经葛先生,7570940887023274762,"黄金跌破900，重点后续怎么走",2025-11-10 03:57:51,2025-11-10 03:57:51,0,,,,,,,,,,,,,370,,,,,,1728,,,,,,,,,,,,{},{},,,,,,,,,,,,,2025-11-10 03:57:51
财经葛先生,7571026884734044974,"黄金跌破900，重点后续怎么走",2025-11-10 09:31:22,2025-11-10 09:31:22,0,,,,,,,,,,,,,367,,,,,,1739,,,,,,,,,,,,{},{},,,,,,,,,,,,,2025-11-10 09:31:22
财经葛先生,7571334615017720586,"黄金再次直线飙升，怎么操",2025-11-11 05:25:37,2025-11-11 05:25:37,0,,,,,,,,,,,,,357,,,,,,1305,,,,,,,,,,,,{},{},,,,,,,,,,,,,2025-11-11 05:25:37
财经葛先生,7571345498808994570,"黄金再次直线飙升，怎么操",2025-11-11 06:07:49,2025-11-11 06:07:49,0,,,,,,,,,,,,,241,,,,,,553,,,,,,,,,,,,{},{},,,,,,,,,,,,,2025-11-11 06:07:49
财经葛先生,7571407393607797514,"黄金再次直线飙升，怎么操",2025-11-11 10:08:01,2025-11-11 10:08:01,0,,,,,,,,,,,,,373,,,,,,1846,,,,,,,,,,,,{},{},,,,,,,,,,,,,2025-11-11 10:08:01
财经葛先生,7571655941725162250,"黄金再次直线飙升，怎么操",2025-11-12 02:12:34,2025-11-12 02:12:34,0,,,,,,,,,,,,,365,,,,,,1358,,,,,,,,,,,,{},{},,,,,,,,,,,,,2025-11-12 02:12:34
财经葛先生,7571708260661283611,"黄金再次直线飙升，怎么操",2025-11-12 05:35:30,2025-11-12 05:35:30,0,,,,,,,,,,,,,476,,,,,,1221,,,,,,,,,,,,{},{},,,,,,,,,,,,,2025-11-12 05:35:30
财经葛先生,7571772069168302886,"黄金再次直线飙升，怎么操",2025-11-12 09:43:13,2025-11-12 09:43:13,0,,,,,,,,,,,,,488,,,,,,1556,,,,,,,,,,,,{},{},,,,,,,,,,,,,2025-11-12 09:43:13
财经葛先生,7572041151004363570,"黄金再次冲上960，该解套了吧",2025-11-13 03:07:20,2025-11-13 03:07:20,0,,,,,,,,,,,,,499,,,,,,1389,,,,,,,,,,,,{},{},,,,,,,,,,,,,2025-11-13 03:07:20
财经葛先生,7572109047587932979,"黄金再次冲上960，该解套了吧",2025-11-13 07:30:38,2025-11-13 07:30:38,0,,,,,,,,,,,,,493,,,,,,1337,,,,,,,,,,,,{},{},,,,,,,,,,,,,2025-11-13 07:30:38
财经葛先生,7572144483341519642,"黄金再次冲上960，该解套了吧",2025-11-13 09:48:27,2025-11-13 09:48:27,0,,,,,,,,,,,,,519,,,,,,1307,,,,,,,,,,,,{},{},,,,,,,,,,,,,2025-11-13 09:48:27
财经葛先生,7572448631758424841,"黄金再次冲上960，该解套了吧",2025-11-14 05:28:31,2025-11-14 05:28:31,0,,,,,,,,,,,,,515,,,,,,1436,,,,,,,,,,,,{},{},,,,,,,,,,,,,2025-11-14 05:28:31
财经葛先生,7572511495724092187,"黄金高位震荡，下周怎么做？",2025-11-14 09:32:22,2025-11-14 09:32:22,0,,,,,,,,,,,,,528,,,,,,1652,,,,,,,,,,,,{},{},,,,,,,,,,,,,2025-11-14 09:32:22
财经葛先生,7573544273522592550,"黄金高位震荡，下周怎么做？",2025-11-17 04:20:23,2025-11-17 04:20:23,0,,,,,,,,,,,,,507,,,,,,1428,,,,,,,,,,,,{},{},,,,,,,,,,,,,2025-11-17 04:20:23
财经葛先生,7573628185519147822,"黄金击穿关键点位933！",2025-11-17 09:45:51,2025-11-17 09:45:51,0,,,,,,,,,,,,,520,,,,,,1432,,,,,,,,,,,,{},{},,,,,,,,,,,,,2025-11-17 09:45:51
财经葛先生,7573896451491629875,"黄金击穿关键点位914！",2025-11-18 03:06:53,2025-11-18 03:06:53,0,,,,,,,,,,,,,514,,,,,,1331,,,,,,,,,,,,{},{},,,,,,,,,,,,,2025-11-18 03:06:53
财经葛先生,7573995084599364361,"黄金击穿关键点位914！",2025-11-18 09:29:39,2025-11-18 09:29:39,0,,,,,,,,,,,,,527,,,,,,1359,,,,,,,,,,,,{},{},,,,,,,,,,,,,2025-11-18 09:29:39
财经葛先生,7574266247131433737,"黄金重回930，要跑吗？",2025-11-19 03:01:46,2025-11-19 03:01:46,0,,,,,,,,,,,,,535,,,,,,1398,,,,,,,,,,,,{},{},,,,,,,,,,,,,2025-11-19 03:01:46
财经葛先生,7574366193751280394,"黄金重回930，要跑吗？",2025-11-19 09:29:35,2025-11-19 09:29:35,0,,,,,,,,,,,,,533,,,,,,1313,,,,,,,,,,,,{},{},,,,,,,,,,,,,2025-11-19 09:29:35
财经葛先生,7574637730036599579,"黄金重回930，要跑吗？",2025-11-20 03:03:22,2025-11-20 03:03:22,0,,,,,,,,,,,,,540,,,,,,1425,,,,,,,,,,,,{},{},,,,,,,,,,,,,2025-11-20 03:03:22
财经葛先生,7574737933693930267,"",2025-11-20 09:32:14,2025-11-20 09:32:14,0,,,,,,,,,,,,,1,,,,,,53,,,,,,,,,,,,{},{},,,,,,,,,,,,,2025-11-20 09:32:14
财经葛先生,7574739848716684059,"黄金重回930，要跑吗？",2025-11-20 09:39:42,2025-11-20 09:39:42,0,,,,,,,,,,,,,536,,,,,,1553,,,,,,,,,,,,{},{},,,,,,,,,,,,,2025-11-20 09:39:42
财经葛先生,7575009125877238578,"黄金震荡，A股破位，请管住手？",2025-11-21 03:04:44,2025-11-21 03:04:44,0,,,,,,,,,,,,,510,,,,,,1291,,,,,,,,,,,,{},{},,,,,,,,,,,,,2025-11-21 03:04:44
财经葛先生,7575108656333638438,"黄金震荡，A股破位，请管住手？",2025-11-21 09:30:59,2025-11-21 09:30:59,0,,,,,,,,,,,,,535,,,,,,1534,,,,,,,,,,,,{},{},,,,,,,,,,,,,2025-11-21 09:30:59
财经葛先生,7576122565450533659,"黄金震荡，A股破位，请管住手？",2025-11-24 03:05:15,2025-11-24 03:05:15,0,,,,,,,,,,,,,533,,,,,,1300,,,,,,,,,,,,{},{},,,,,,,,,,,,,2025-11-24 03:05:15
财经葛先生,7576221447371164443,"黄金震荡，A股破位，请管住手？",2025-11-24 09:29:06,2025-11-24 09:29:06,0,,,,,,,,,,,,,502,,,,,,1593,,,,,,,,,,,,{},{},,,,,,,,,,,,,2025-11-24 09:29:06
财经葛先生,7576491569264462638,"黄金震荡，A股破位，请管住手？",2025-11-25 02:57:12,2025-11-25 02:57:12,0,,,,,,,,,,,,,537,,,,,,1555,,,,,,,,,,,,{},{},,,,,,,,,,,,,2025-11-25 02:57:12
财经葛先生,7576599703513500467,"黄金震荡，A股破位，请管住手？",2025-11-25 09:56:47,2025-11-25 09:56:47,0,,,,,,,,,,,,,553,,,,,,1491,,,,,,,,,,,,{},{},,,,,,,,,,,,,2025-11-25 09:56:47
财经葛先生,7576864332785781530,"黄金震荡，A股破位，请管住手？",2025-11-26 03:03:48,2025-11-26 03:03:48,0,,,,,,,,,,,,,549,,,,,,1390,,,,,,,,,,,,{},{},,,,,,,,,,,,,2025-11-26 03:03:48
财经葛先生,7576965400257186569,"黄金震荡，A股破位，请管住手？",2025-11-26 09:35:51,2025-11-26 09:35:51,0,,,,,,,,,,,,,547,,,,,,1384,,,,,,,,,,,,{},{},,,,,,,,,,,,,2025-11-26 09:35:51
财经葛先生,7577235445688421130,"黄金重回940！接下来怎么操作？",2025-11-27 03:03:54,2025-11-27 03:03:54,0,,,,,,,,,,,,,467,,,,,,1657,,,,,,,,,,,,{},{},,,,,,,,,,,,,2025-11-27 03:03:54
财经葛先生,7577334782481271562,"黄金重回940！接下来怎么操作？",2025-11-27 09:29:22,2025-11-27 09:29:22,0,,,,,,,,,,,,,437,,,,,,1590,,,,,,,,,,,,{},{},,,,,,,,,,,,,2025-11-27 09:29:22
财经葛先生,7577605252440492809,"黄金重回940！接下来怎么操作？",2025-11-28 02:58:53,2025-11-28 02:58:53,0,,,,,,,,,,,,,544,,,,,,1352,,,,,,,,,,,,{},{},,,,,,,,,,,,,2025-11-28 02:58:53
财经葛先生,7577698076203191091,"黄金重回940！接下来怎么操作？",2025-11-28 08:59:04,2025-11-28 08:59:04,0,,,,,,,,,,,,,541,,,,,,1468,,,,,,,,,,,,{},{},,,,,,,,,,,,,2025-11-28 08:59:04
财经葛先生,7577788630769666851,"黄金重回940！接下来怎么操作？",2025-11-28 14:50:25,2025-11-28 14:50:25,0,,,,,,,,,,,,,413,,,,,,990,,,,,,,,,,,,{},{},,,,,,,,,,,,,2025-11-28 14:50:25
财经葛先生,7578703628270062345,"黄金重回940！接下来怎么操作？",2025-12-01 02:01:00,2025-12-01 02:01:00,0,,,,,,,,,,,,,527,,,,,,1327,,,,,,,,,,,,{},{},,,,,,,,,,,,,2025-12-01 02:01:00
财经葛先生,7578819738676005682,"黄金重回940！接下来怎么操作？",2025-12-01 09:31:44,2025-12-01 09:31:44,0,,,,,,,,,,,,,543,,,,,,1483,,,,,,,,,,,,{},{},,,,,,,,,,,,,2025-12-01 09:31:44
财经葛先生,7579091923383044902,"黄金关键点位4224，未来怎么走？",2025-12-02 03:08:03,2025-12-02 03:08:03,0,,,,,,,,,,,,,540,,,,,,1336,,,,,,,,,,,,{},{},,,,,,,,,,,,,2025-12-02 03:08:03
财经葛先生,7579196556327357235,"黄金关键点位4224，未来怎么走？",2025-12-02 09:54:07,2025-12-02 09:54:07,0,,,,,,,,,,,,,560,,,,,,1479,,,,,,,,,,,,{},{},,,,,,,,,,,,,2025-12-02 09:54:07
财经葛先生,7579462510882048778,"黄金关键点位4224，未来怎么走？",2025-12-03 03:06:05,2025-12-03 03:06:05,0,,,,,,,,,,,,,564,,,,,,1366,,,,,,,,,,,,{},{},,,,,,,,,,,,,2025-12-03 03:06:05
财经葛先生,7579561067710253851,"黄金关键点位4224，未来怎么走？",2025-12-03 09:28:25,2025-12-03 09:28:25,0,,,,,,,,,,,,,214,,,,,,58,,,,,,,,,,,,{},{},,,,,,,,,,,,,2025-12-03 09:28:25
财经葛先生,7579561747118213914,"黄金关键点位4224，未来怎么走？",2025-12-03 09:31:02,2025-12-03 09:31:02,0,,,,,,,,,,,,,206,,,,,,41,,,,,,,,,,,,{},{},,,,,,,,,,,,,2025-12-03 09:31:02
财经葛先生,7579562244042771210,"黄金关键点位4224，未来怎么走？",2025-12-03 09:32:59,2025-12-03 09:32:59,0,,,,,,,,,,,,,511,,,,,,1354,,,,,,,,,,,,{},{},,,,,,,,,,,,,2025-12-03 09:32:59
财经葛先生,7579832554883189542,"黄金关键点位4224，未来怎么走？",2025-12-04 03:01:55,2025-12-04 03:01:55,0,,,,,,,,,,,,,558,,,,,,1369,,,,,,,,,,,,{},{},,,,,,,,,,,,,2025-12-04 03:01:55
财经葛先生,7579932321034373914,"黄金跌破关键点位4224，未来怎么走？",2025-12-04 09:29:12,2025-12-04 09:29:12,0,,,,,,,,,,,,,552,,,,,,1428,,,,,,,,,,,,{},{},,,,,,,,,,,,,2025-12-04 09:29:12
财经葛先生,7580305377611238154,"黄金跌破关键点位4224，未来怎么走？",2025-12-05 09:36:48,2025-12-05 09:36:48,0,,,,,,,,,,,,,487,,,,,,1557,,,,,,,,,,,,{},{},,,,,,,,,,,,,2025-12-05 09:36:48
财经葛先生,7581331570879990537,"黄金跌破关键点位4224，未来怎么走？",2025-12-08 03:59:08,2025-12-08 03:59:08,0,,,,,,,,,,,,,379,,,,,,1695,,,,,,,,,,,,{},{},,,,,,,,,,,,,2025-12-08 03:59:08
财经葛先生,7581421285935811354,"黄金跌破关键点位4200，未来怎么走？",2025-12-08 09:47:02,2025-12-08 09:47:02,0,,,,,,,,,,,,,366,,,,,,1906,,,,,,,,,,,,{},{},,,,,,,,,,,,,2025-12-08 09:47:02
财经葛先生,7581690671384382258,"黄金跌破关键点位4200，未来怎么走？",2025-12-09 03:12:25,2025-12-09 03:12:25,0,,,,,,,,,,,,,358,,,,,,1746,,,,,,,,,,,,{},{},,,,,,,,,,,,,2025-12-09 03:12:25
财经葛先生,7581778988598758184,"",2025-12-09 08:55:12,2025-12-09 08:55:12,0,,,,,,,,,,,,,1,,,,,,40,,,,,,,,,,,,{},{},,,,,,,,,,,,,2025-12-09 08:55:12
财经葛先生,7581787554309557001,"黄金跌破关键点位4200，未来怎么走？",2025-12-09 09:28:16,2025-12-09 09:28:16,0,,,,,,,,,,,,,387,,,,,,2035,,,,,,,,,,,,{},{},,,,,,,,,,,,,2025-12-09 09:28:16
财经葛先生,7582058464957254426,"黄金关键点位4200，未来怎么走？",2025-12-10 02:59:33,2025-12-10 02:59:33,0,,,,,,,,,,,,,383,,,,,,1956,,,,,,,,,,,,{},{},,,,,,,,,,,,,2025-12-10 02:59:33
财经葛先生,7582160804116515630,"黄金关键点位4220，未来怎么走？",2025-12-10 09:36:49,2025-12-10 09:36:49,0,,,,,,,,,,,,,402,,,,,,1849,,,,,,,,,,,,{},{},,,,,,,,,,,,,2025-12-10 09:36:49
财经葛先生,7582430301226470195,"美联储降息，黄金短期怎么走？",2025-12-11 03:02:31,2025-12-11 03:02:31,0,,,,,,,,,,,,,392,,,,,,1782,,,,,,,,,,,,{},{},,,,,,,,,,,,,2025-12-11 03:02:31
财经葛先生,7582800713844001588,"美联储降息，黄金短期怎么走？",2025-12-12 02:59:44,2025-12-12 02:59:44,0,,,,,,,,,,,,,403,,,,,,2015,,,,,,,,,,,,{},{},,,,,,,,,,,,,2025-12-12 02:59:44
财经葛先生,7582901986786429705,"黄金冲上4300，短期怎么走？",2025-12-12 09:32:57,2025-12-12 09:32:57,0,,,,,,,,,,,,,531,,,,,,1758,,,,,,,,,,,,{},{},,,,,,,,,,,,,2025-12-12 09:32:57
财经葛先生,7583928785603808027,"黄金冲上4300，短期怎么走？",2025-12-15 03:57:28,2025-12-15 03:57:28,0,,,,,,,,,,,,,441,,,,,,2064,,,,,,,,,,,,{},{},,,,,,,,,,,,,2025-12-15 03:57:28
财经葛先生,7584014219830610714,"黄金冲上4300，短期怎么走？",2025-12-15 09:29:02,2025-12-15 09:29:02,0,,,,,,,,,,,,,414,,,,,,2407,,,,,,,,,,,,{},{},,,,,,,,,,,,,2025-12-15 09:29:02
财经葛先生,7584388775183158062,"黄金跌破4300，短期怎么走？",2025-12-16 09:42:19,2025-12-16 09:42:19,0,,,,,,,,,,,,,564,,,,,,1545,,,,,,,,,,,,{},{},,,,,,,,,,,,,2025-12-16 09:42:19
财经葛先生,7584656069167811374,"黄金冲破4320，短期怎么走？",2025-12-17 02:59:37,2025-12-17 02:59:37,0,,,,,,,,,,,,,382,,,,,,1871,,,,,,,,,,,,{},{},,,,,,,,,,,,,2025-12-17 02:59:37
财经葛先生,7584756986638600986,"黄金冲破4320，短期怎么走？",2025-12-17 09:31:13,2025-12-17 09:31:13,0,,,,,,,,,,,,,383,,,,,,2033,,,,,,,,,,,,{},{},,,,,,,,,,,,,2025-12-17 09:31:13
财经葛先生,7585027592213383963,"黄金冲破4320，短期怎么走？",2025-12-18 03:01:19,2025-12-18 03:01:19,0,,,,,,,,,,,,,452,,,,,,1645,,,,,,,,,,,,{},{},,,,,,,,,,,,,2025-12-18 03:01:19
财经葛先生,7585128519575931686,"今夜重磅数据公布！会如何影响黄金呢？",2025-12-18 09:33:13,2025-12-18 09:33:13,0,,,,,,,,,,,,,388,,,,,,2131,,,,,,,,,,,,{},{},,,,,,,,,,,,,2025-12-18 09:33:13
财经葛先生,7585398607126219571,"黄金新高一步之遥，当下应该怎么操作呢",2025-12-19 03:01:00,2025-12-19 03:01:00,0,,,,,,,,,,,,,375,,,,,,1940,,,,,,,,,,,,{},{},,,,,,,,,,,,,2025-12-19 03:01:00
财经葛先生,7585499569523231514,"黄金新高一步之遥，当下应该怎么操作呢",2025-12-19 09:32:46,2025-12-19 09:32:46,0,,,,,,,,,,,,,425,,,,,,1867,,,,,,,,,,,,{},{},,,,,,,,,,,,,2025-12-19 09:32:46
财经葛先生,7586493254011669257,"黄金突破历史新高！还能追吗？",2025-12-22 01:48:58,2025-12-22 01:48:58,0,,,,,,,,,,,,,389,,,,,,1998,,,,,,,,,,,,{},{},,,,,,,,,,,,,2025-12-22 01:48:58
财经葛先生,7586527091991448358,"黄金突破历史新高！还能追吗？",2025-12-22 04:00:04,2025-12-22 04:00:04,0,,,,,,,,,,,,,393,,,,,,2230,,,,,,,,,,,,{},{},,,,,,,,,,,,,2025-12-22 04:00:04
财经葛先生,7586612327633668910,"黄金突破历史新高！还能追吗？",2025-12-22 09:31:02,2025-12-22 09:31:02,0,,,,,,,,,,,,,536,,,,,,1699,,,,,,,,,,,,{},{},,,,,,,,,,,,,2025-12-22 09:31:02
财经葛先生,7586861242698386202,"黄金突破历史新高！还能追吗？",2025-12-23 01:37:01,2025-12-23 01:37:01,0,,,,,,,,,,,,,399,,,,,,1754,,,,,,,,,,,,{},{},,,,,,,,,,,,,2025-12-23 01:37:01
财经葛先生,7586898409565145907,"黄金突破历史新高！还能追吗？",2025-12-23 04:00:59,2025-12-23 04:00:59,0,,,,,,,,,,,,,557,,,,,,1506,,,,,,,,,,,,{},{},,,,,,,,,,,,,2025-12-23 04:00:59
财经葛先生,7586985488351775534,"黄金突破历史新高！还能追吗？",2025-12-23 09:39:00,2025-12-23 09:39:00,0,,,,,,,,,,,,,551,,,,,,1354,,,,,,,,,,,,{},{},,,,,,,,,,,,,2025-12-23 09:39:00
财经葛先生,7587254208533924646,"黄金突破历史新高！还能追吗？",2025-12-24 03:01:41,2025-12-24 03:01:41,0,,,,,,,,,,,,,380,,,,,,2153,,,,,,,,,,,,{},{},,,,,,,,,,,,,2025-12-24 03:01:41
财经葛先生,7587354665593522994,"人民币汇率走强，对黄金影响巨大？",2025-12-24 09:31:38,2025-12-24 09:31:38,0,,,,,,,,,,,,,389,,,,,,2264,,,,,,,,,,,,{},{},,,,,,,,,,,,,2025-12-24 09:31:38
财经葛先生,7587625414932515594,"黄金大A还能涨吗，关键看这几点！",2025-12-25 03:02:24,2025-12-25 03:02:24,0,,,,,,,,,,,,,366,,,,,,2160,,,,,,,,,,,,{},{},,,,,,,,,,,,,2025-12-25 03:02:24
财经葛先生,7587727678423943999,"黄金大A还能涨吗，关键看这几点！",2025-12-25 09:39:03,2025-12-25 09:39:03,0,,,,,,,,,,,,,379,,,,,,2445,,,,,,,,,,,,{},{},,,,,,,,,,,,,2025-12-25 09:39:03
财经葛先生,7587995752866057006,"黄金突破历史新高，还能追吗？",2025-12-26 02:59:20,2025-12-26 02:59:20,0,,,,,,,,,,,,,380,,,,,,1862,,,,,,,,,,,,{},{},,,,,,,,,,,,,2025-12-26 02:59:20
财经葛先生,7589109545159428890,"黄金白银剧烈波动，当下该怎么操作？",2025-12-29 03:01:26,2025-12-29 03:01:26,0,,,,,,,,,,,,,384,,,,,,2107,,,,,,,,,,,,{},{},,,,,,,,,,,,,2025-12-29 03:01:26
财经葛先生,7589210204483373851,"黄金白银剧烈波动，当下该怎么操作？",2025-12-29 09:31:58,2025-12-29 09:31:58,0,,,,,,,,,,,,,386,,,,,,2216,,,,,,,,,,,,{},{},,,,,,,,,,,,,2025-12-29 09:31:58
财经葛先生,7589287334995659520,"黄金白银剧烈波动，当下该怎么",2025-12-29 14:31:21,2025-12-29 14:31:21,0,,,,,,,,,,,,,535,,,,,,6235,,,,,,,,,,,,{},{},,,,,,,,,,,,,2025-12-29 14:31:21
财经葛先生,7589287334995659520,"",2025-12-30 02:08:38,2025-12-30 02:08:38,0,,,,,,,,,,,,,28,,,,,,3066,,,,,,,,,,,,{},{},,,,,,,,,,,,,2025-12-30 02:08:38
财经葛先生,7589210204483373851,"",2025-12-30 02:09:52,2025-12-30 02:09:52,0,,,,,,,,,,,,,30,,,,,,964,,,,,,,,,,,,{},{},,,,,,,,,,,,,2025-12-30 02:09:52
财经葛先生,7589109545159428890,"",2025-12-30 02:10:32,2025-12-30 02:10:32,0,,,,,,,,,,,,,30,,,,,,940,,,,,,,,,,,,{},{},,,,,,,,,,,,,2025-12-30 02:10:32
财经葛先生,7587995752866057006,"",2025-12-30 02:11:11,2025-12-30 02:11:11,0,,,,,,,,,,,,,30,,,,,,822,,,,,,,,,,,,{},{},,,,,,,,,,,,,2025-12-30 02:11:11
财经葛先生,7587727678423943999,"",2025-12-30 02:11:48,2025-12-30 02:11:48,0,,,,,,,,,,,,,30,,,,,,1080,,,,,,,,,,,,{},{},,,,,,,,,,,,,2025-12-30 02:11:48
财经葛先生,7587625414932515594,"",2025-12-30 02:12:27,2025-12-30 02:12:27,0,,,,,,,,,,,,,29,,,,,,944,,,,,,,,,,,,{},{},,,,,,,,,,,,,2025-12-30 02:12:27
财经葛先生,7587354665593522994,"",2025-12-30 02:13:05,2025-12-30 02:13:05,0,,,,,,,,,,,,,30,,,,,,982,,,,,,,,,,,,{},{},,,,,,,,,,,,,2025-12-30 02:13:05
财经葛先生,7587254208533924646,"",2025-12-30 02:13:41,2025-12-30 02:13:41,0,,,,,,,,,,,,,30,,,,,,920,,,,,,,,,,,,{},{},,,,,,,,,,,,,2025-12-30 02:13:41
财经葛先生,7586985488351775534,"",2025-12-30 02:14:18,2025-12-30 02:14:18,0,,,,,,,,,,,,,30,,,,,,800,,,,,,,,,,,,{},{},,,,,,,,,,,,,2025-12-30 02:14:18
财经葛先生,7586898409565145907,"",2025-12-30 02:14:55,2025-12-30 02:14:55,0,,,,,,,,,,,,,30,,,,,,920,,,,,,,,,,,,{},{},,,,,,,,,,,,,2025-12-30 02:14:55
财经葛先生,7586861242698386202,"",2025-12-30 02:15:33,2025-12-30 02:15:33,0,,,,,,,,,,,,,30,,,,,,780,,,,,,,,,,,,{},{},,,,,,,,,,,,,2025-12-30 02:15:33
财经葛先生,7586612327633668910,"",2025-12-30 02:16:12,2025-12-30 02:16:12,0,,,,,,,,,,,,,30,,,,,,1000,,,,,,,,,,,,{},{},,,,,,,,,,,,,2025-12-30 02:16:12
财经葛先生,7586527091991448358,"",2025-12-30 02:16:50,2025-12-30 02:16:50,0,,,,,,,,,,,,,29,,,,,,992,,,,,,,,,,,,{},{},,,,,,,,,,,,,2025-12-30 02:16:50
财经葛先生,7586493254011669257,"",2025-12-30 02:17:24,2025-12-30 02:17:24,0,,,,,,,,,,,,,30,,,,,,898,,,,,,,,,,,,{},{},,,,,,,,,,,,,2025-12-30 02:17:24
财经葛先生,7585499569523231514,"",2025-12-30 02:18:00,2025-12-30 02:18:00,0,,,,,,,,,,,,,30,,,,,,902,,,,,,,,,,,,{},{},,,,,,,,,,,,,2025-12-30 02:18:00
财经葛先生,7585398607126219571,"",2025-12-30 02:18:38,2025-12-30 02:18:38,0,,,,,,,,,,,,,30,,,,,,862,,,,,,,,,,,,{},{},,,,,,,,,,,,,2025-12-30 02:18:38
财经葛先生,7585128519575931686,"",2025-12-30 02:19:12,2025-12-30 02:19:12,0,,,,,,,,,,,,,30,,,,,,978,,,,,,,,,,,,{},{},,,,,,,,,,,,,2025-12-30 02:19:12
财经葛先生,7585027592213383963,"",2025-12-30 02:19:48,2025-12-30 02:19:48,0,,,,,,,,,,,,,29,,,,,,850,,,,,,,,,,,,{},{},,,,,,,,,,,,,2025-12-30 02:19:48
财经葛先生,7584756986638600986,"",2025-12-30 02:20:23,2025-12-30 02:20:23,0,,,,,,,,,,,,,29,,,,,,902,,,,,,,,,,,,{},{},,,,,,,,,,,,,2025-12-30 02:20:23
财经葛先生,7584656069167811374,"",2025-12-30 02:20:58,2025-12-30 02:20:58,0,,,,,,,,,,,,,29,,,,,,860,,,,,,,,,,,,{},{},,,,,,,,,,,,,2025-12-30 02:20:58
财经葛先生,7584388775183158062,"",2025-12-30 02:21:32,2025-12-30 02:21:32,0,,,,,,,,,,,,,29,,,,,,942,,,,,,,,,,,,{},{},,,,,,,,,,,,,2025-12-30 02:21:32
财经葛先生,7584014219830610714,"",2025-12-30 02:22:06,2025-12-30 02:22:06,0,,,,,,,,,,,,,30,,,,,,1160,,,,,,,,,,,,{},{},,,,,,,,,,,,,2025-12-30 02:22:06
财经葛先生,7583928785603808027,"",2025-12-30 02:22:41,2025-12-30 02:22:41,0,,,,,,,,,,,,,30,,,,,,1042,,,,,,,,,,,,{},{},,,,,,,,,,,,,2025-12-30 02:22:41
财经葛先生,7582901986786429705,"",2025-12-30 02:23:22,2025-12-30 02:23:22,0,,,,,,,,,,,,,28,,,,,,960,,,,,,,,,,,,{},{},,,,,,,,,,,,,2025-12-30 02:23:22
财经葛先生,7582800713844001588,"",2025-12-30 02:23:58,2025-12-30 02:23:58,0,,,,,,,,,,,,,29,,,,,,948,,,,,,,,,,,,{},{},,,,,,,,,,,,,2025-12-30 02:23:58
财经葛先生,7582430301226470195,"",2025-12-30 02:24:32,2025-12-30 02:24:32,0,,,,,,,,,,,,,30,,,,,,880,,,,,,,,,,,,{},{},,,,,,,,,,,,,2025-12-30 02:24:32
财经葛先生,7582160804116515630,"",2025-12-30 02:25:13,2025-12-30 02:25:13,0,,,,,,,,,,,,,30,,,,,,900,,,,,,,,,,,,{},{},,,,,,,,,,,,,2025-12-30 02:25:13
财经葛先生,7582058464957254426,"",2025-12-30 02:25:48,2025-12-30 02:25:48,0,,,,,,,,,,,,,29,,,,,,942,,,,,,,,,,,,{},{},,,,,,,,,,,,,2025-12-30 02:25:48
财经葛先生,7581787554309557001,"",2025-12-30 02:26:23,2025-12-30 02:26:23,0,,,,,,,,,,,,,30,,,,,,960,,,,,,,,,,,,{},{},,,,,,,,,,,,,2025-12-30 02:26:23
财经葛先生,7581778988598758184,"",2025-12-30 02:26:57,2025-12-30 02:26:57,0,,,,,,,,,,,,,1,,,,,,60,,,,,,,,,,,,{},{},,,,,,,,,,,,,2025-12-30 02:26:57
财经葛先生,7581690671384382258,"",2025-12-30 02:28:06,2025-12-30 02:28:06,0,,,,,,,,,,,,,30,,,,,,826,,,,,,,,,,,,{},{},,,,,,,,,,,,,2025-12-30 02:28:06
财经葛先生,7581421285935811354,"",2025-12-30 02:28:41,2025-12-30 02:28:41,0,,,,,,,,,,,,,30,,,,,,902,,,,,,,,,,,,{},{},,,,,,,,,,,,,2025-12-30 02:28:41
财经葛先生,7581331570879990537,"",2025-12-30 02:29:16,2025-12-30 02:29:16,0,,,,,,,,,,,,,30,,,,,,780,,,,,,,,,,,,{},{},,,,,,,,,,,,,2025-12-30 02:29:16
财经葛先生,7580305377611238154,"",2025-12-30 02:29:52,2025-12-30 02:29:52,0,,,,,,,,,,,,,29,,,,,,860,,,,,,,,,,,,{},{},,,,,,,,,,,,,2025-12-30 02:29:52
财经葛先生,7579932321034373914,"",2025-12-30 02:30:28,2025-12-30 02:30:28,0,,,,,,,,,,,,,30,,,,,,888,,,,,,,,,,,,{},{},,,,,,,,,,,,,2025-12-30 02:30:28
财经葛先生,7579832554883189542,"",2025-12-30 02:31:06,2025-12-30 02:31:06,0,,,,,,,,,,,,,29,,,,,,880,,,,,,,,,,,,{},{},,,,,,,,,,,,,2025-12-30 02:31:06
财经葛先生,7579562244042771210,"",2025-12-30 02:31:41,2025-12-30 02:31:41,0,,,,,,,,,,,,,30,,,,,,744,,,,,,,,,,,,{},{},,,,,,,,,,,,,2025-12-30 02:31:41
财经葛先生,7579561747118213914,"",2025-12-30 02:32:16,2025-12-30 02:32:16,0,,,,,,,,,,,,,20,,,,,,30,,,,,,,,,,,,{},{},,,,,,,,,,,,,2025-12-30 02:32:16
财经葛先生,7579561067710253851,"",2025-12-30 02:32:52,2025-12-30 02:32:52,0,,,,,,,,,,,,,19,,,,,,42,,,,,,,,,,,,{},{},,,,,,,,,,,,,2025-12-30 02:32:52
财经葛先生,7579462510882048778,"",2025-12-30 02:33:28,2025-12-30 02:33:28,0,,,,,,,,,,,,,30,,,,,,840,,,,,,,,,,,,{},{},,,,,,,,,,,,,2025-12-30 02:33:28
财经葛先生,7579196556327357235,"",2025-12-30 02:34:05,2025-12-30 02:34:05,0,,,,,,,,,,,,,29,,,,,,888,,,,,,,,,,,,{},{},,,,,,,,,,,,,2025-12-30 02:34:05
财经葛先生,7579091923383044902,"",2025-12-30 02:34:41,2025-12-30 02:34:41,0,,,,,,,,,,,,,30,,,,,,804,,,,,,,,,,,,{},{},,,,,,,,,,,,,2025-12-30 02:34:41
财经葛先生,7578819738676005682,"",2025-12-30 02:35:17,2025-12-30 02:35:17,0,,,,,,,,,,,,,29,,,,,,824,,,,,,,,,,,,{},{},,,,,,,,,,,,,2025-12-30 02:35:17
财经葛先生,7578703628270062345,"",2025-12-30 02:35:54,2025-12-30 02:35:54,0,,,,,,,,,,,,,29,,,,,,1116,,,,,,,,,,,,{},{},,,,,,,,,,,,,2025-12-30 02:35:54
财经葛先生,7577788630769666851,"",2025-12-30 02:36:30,2025-12-30 02:36:30,0,,,,,,,,,,,,,29,,,,,,480,,,,,,,,,,,,{},{},,,,,,,,,,,,,2025-12-30 02:36:30
财经葛先生,7577698076203191091,"",2025-12-30 02:37:05,2025-12-30 02:37:05,0,,,,,,,,,,,,,30,,,,,,900,,,,,,,,,,,,{},{},,,,,,,,,,,,,2025-12-30 02:37:05
财经葛先生,7577605252440492809,"",2025-12-30 02:37:40,2025-12-30 02:37:40,0,,,,,,,,,,,,,30,,,,,,860,,,,,,,,,,,,{},{},,,,,,,,,,,,,2025-12-30 02:37:40
财经葛先生,7577334782481271562,"",2025-12-30 02:38:17,2025-12-30 02:38:17,0,,,,,,,,,,,,,29,,,,,,840,,,,,,,,,,,,{},{},,,,,,,,,,,,,2025-12-30 02:38:17
财经葛先生,7577235445688421130,"",2025-12-30 02:38:52,2025-12-30 02:38:52,0,,,,,,,,,,,,,30,,,,,,928,,,,,,,,,,,,{},{},,,,,,,,,,,,,2025-12-30 02:38:52
财经葛先生,7576965400257186569,"",2025-12-30 02:39:28,2025-12-30 02:39:28,0,,,,,,,,,,,,,28,,,,,,880,,,,,,,,,,,,{},{},,,,,,,,,,,,,2025-12-30 02:39:28
财经葛先生,7576864332785781530,"",2025-12-30 02:40:04,2025-12-30 02:40:04,0,,,,,,,,,,,,,30,,,,,,862,,,,,,,,,,,,{},{},,,,,,,,,,,,,2025-12-30 02:40:04
财经葛先生,7576599703513500467,"",2025-12-30 02:40:41,2025-12-30 02:40:41,0,,,,,,,,,,,,,30,,,,,,880,,,,,,,,,,,,{},{},,,,,,,,,,,,,2025-12-30 02:40:41
财经葛先生,7576491569264462638,"",2025-12-30 02:41:18,2025-12-30 02:41:18,0,,,,,,,,,,,,,28,,,,,,932,,,,,,,,,,,,{},{},,,,,,,,,,,,,2025-12-30 02:41:18
财经葛先生,7576221447371164443,"",2025-12-30 02:41:54,2025-12-30 02:41:54,0,,,,,,,,,,,,,26,,,,,,942,,,,,,,,,,,,{},{},,,,,,,,,,,,,2025-12-30 02:41:54
财经葛先生,7576122565450533659,"",2025-12-30 02:42:30,2025-12-30 02:42:30,0,,,,,,,,,,,,,29,,,,,,840,,,,,,,,,,,,{},{},,,,,,,,,,,,,2025-12-30 02:42:30
财经葛先生,7575108656333638438,"",2025-12-30 02:43:07,2025-12-30 02:43:07,0,,,,,,,,,,,,,30,,,,,,940,,,,,,,,,,,,{},{},,,,,,,,,,,,,2025-12-30 02:43:07
财经葛先生,7575009125877238578,"",2025-12-30 02:43:45,2025-12-30 02:43:45,0,,,,,,,,,,,,,29,,,,,,822,,,,,,,,,,,,{},{},,,,,,,,,,,,,2025-12-30 02:43:45
财经葛先生,7574739848716684059,"",2025-12-30 02:44:22,2025-12-30 02:44:22,0,,,,,,,,,,,,,28,,,,,,980,,,,,,,,,,,,{},{},,,,,,,,,,,,,2025-12-30 02:44:22
财经葛先生,7574737933693930267,"",2025-12-30 02:44:57,2025-12-30 02:44:57,0,,,,,,,,,,,,,1,,,,,,60,,,,,,,,,,,,{},{},,,,,,,,,,,,,2025-12-30 02:44:57
财经葛先生,7574637730036599579,"",2025-12-30 02:45:33,2025-12-30 02:45:33,0,,,,,,,,,,,,,30,,,,,,826,,,,,,,,,,,,{},{},,,,,,,,,,,,,2025-12-30 02:45:33
财经葛先生,7574366193751280394,"",2025-12-30 02:46:18,2025-12-30 02:46:18,0,,,,,,,,,,,,,28,,,,,,760,,,,,,,,,,,,{},{},,,,,,,,,,,,,2025-12-30 02:46:18
财经葛先生,7574266247131433737,"",2025-12-30 02:46:54,2025-12-30 02:46:54,0,,,,,,,,,,,,,30,,,,,,840,,,,,,,,,,,,{},{},,,,,,,,,,,,,2025-12-30 02:46:54
财经葛先生,7573995084599364361,"",2025-12-30 02:47:29,2025-12-30 02:47:29,0,,,,,,,,,,,,,27,,,,,,780,,,,,,,,,,,,{},{},,,,,,,,,,,,,2025-12-30 02:47:29
财经葛先生,7573896451491629875,"",2025-12-30 02:48:05,2025-12-30 02:48:05,0,,,,,,,,,,,,,28,,,,,,744,,,,,,,,,,,,{},{},,,,,,,,,,,,,2025-12-30 02:48:05
财经葛先生,7573628185519147822,"",2025-12-30 02:48:41,2025-12-30 02:48:41,0,,,,,,,,,,,,,29,,,,,,850,,,,,,,,,,,,{},{},,,,,,,,,,,,,2025-12-30 02:48:41
财经葛先生,7573544273522592550,"",2025-12-30 02:49:16,2025-12-30 02:49:16,0,,,,,,,,,,,,,28,,,,,,820,,,,,,,,,,,,{},{},,,,,,,,,,,,,2025-12-30 02:49:16
财经葛先生,7572511495724092187,"",2025-12-30 02:49:51,2025-12-30 02:49:51,0,,,,,,,,,,,,,29,,,,,,1020,,,,,,,,,,,,{},{},,,,,,,,,,,,,2025-12-30 02:49:51
财经葛先生,7572448631758424841,"",2025-12-30 02:50:27,2025-12-30 02:50:27,0,,,,,,,,,,,,,27,,,,,,880,,,,,,,,,,,,{},{},,,,,,,,,,,,,2025-12-30 02:50:27
财经葛先生,7572144483341519642,"",2025-12-30 02:51:03,2025-12-30 02:51:03,0,,,,,,,,,,,,,30,,,,,,782,,,,,,,,,,,,{},{},,,,,,,,,,,,,2025-12-30 02:51:03
财经葛先生,7572109047587932979,"",2025-12-30 02:51:40,2025-12-30 02:51:40,0,,,,,,,,,,,,,29,,,,,,842,,,,,,,,,,,,{},{},,,,,,,,,,,,,2025-12-30 02:51:40
财经葛先生,7572041151004363570,"",2025-12-30 02:52:16,2025-12-30 02:52:16,0,,,,,,,,,,,,,26,,,,,,820,,,,,,,,,,,,{},{},,,,,,,,,,,,,2025-12-30 02:52:16
财经葛先生,7571772069168302886,"",2025-12-30 02:52:54,2025-12-30 02:52:54,0,,,,,,,,,,,,,24,,,,,,886,,,,,,,,,,,,{},{},,,,,,,,,,,,,2025-12-30 02:52:54
财经葛先生,7571708260661283611,"",2025-12-30 02:53:30,2025-12-30 02:53:30,0,,,,,,,,,,,,,28,,,,,,742,,,,,,,,,,,,{},{},,,,,,,,,,,,,2025-12-30 02:53:30
财经葛先生,7571655941725162250,"",2025-12-30 02:54:05,2025-12-30 02:54:05,0,,,,,,,,,,,,,27,,,,,,806,,,,,,,,,,,,{},{},,,,,,,,,,,,,2025-12-30 02:54:05
财经葛先生,7571407393607797514,"",2025-12-30 02:54:42,2025-12-30 02:54:42,0,,,,,,,,,,,,,20,,,,,,1353,,,,,,,,,,,,{},{},,,,,,,,,,,,,2025-12-30 02:54:42
财经葛先生,7571345498808994570,"",2025-12-30 02:55:18,2025-12-30 02:55:18,0,,,,,,,,,,,,,20,,,,,,360,,,,,,,,,,,,{},{},,,,,,,,,,,,,2025-12-30 02:55:18
财经葛先生,7571334615017720586,"",2025-12-30 02:55:54,2025-12-30 02:55:54,0,,,,,,,,,,,,,19,,,,,,933,,,,,,,,,,,,{},{},,,,,,,,,,,,,2025-12-30 02:55:54
财经葛先生,7571026884734044974,"",2025-12-30 02:56:30,2025-12-30 02:56:30,0,,,,,,,,,,,,,19,,,,,,1287,,,,,,,,,,,,{},{},,,,,,,,,,,,,2025-12-30 02:56:30
财经葛先生,7570940887023274762,"",2025-12-30 02:57:05,2025-12-30 02:57:05,0,,,,,,,,,,,,,19,,,,,,1374,,,,,,,,,,,,{},{},,,,,,,,,,,,,2025-12-30 02:57:05
财经葛先生,7569917400658135834,"",2025-12-30 02:57:41,2025-12-30 02:57:41,0,,,,,,,,,,,,,20,,,,,,1266,,,,,,,,,,,,{},{},,,,,,,,,,,,,2025-12-30 02:57:41
财经葛先生,7569539863188441906,"",2025-12-30 02:58:18,2025-12-30 02:58:18,0,,,,,,,,,,,,,19,,,,,,1323,,,,,,,,,,,,{},{},,,,,,,,,,,,,2025-12-30 02:58:18
财经葛先生,7569459058191272730,"",2025-12-30 02:58:53,2025-12-30 02:58:53,0,,,,,,,,,,,,,18,,,,,,1356,,,,,,,,,,,,{},{},,,,,,,,,,,,,2025-12-30 02:58:53
财经葛先生,7569173277944613641,"",2025-12-30 02:59:29,2025-12-30 02:59:29,0,,,,,,,,,,,,,19,,,,,,1398,,,,,,,,,,,,{},{},,,,,,,,,,,,,2025-12-30 02:59:29
财经葛先生,7589480169040169779,"黄金白银剧烈波动，当下该怎么办？",2025-12-30 02:59:39,2025-12-30 02:59:39,0,,,,,,,,,,,,,392,,,,,,2069,,,,,,,,,,,,{},{},,,,,,,,,,,,,2025-12-30 02:59:39
财经葛先生,7569088865785350938,"",2025-12-30 03:00:06,2025-12-30 03:00:06,0,,,,,,,,,,,,,20,,,,,,1440,,,,,,,,,,,,{},{},,,,,,,,,,,,,2025-12-30 03:00:06
财经葛先生,7568800943656291082,"",2025-12-30 03:00:45,2025-12-30 03:00:45,0,,,,,,,,,,,,,20,,,,,,1224,,,,,,,,,,,,{},{},,,,,,,,,,,,,2025-12-30 03:00:45
财经葛先生,7568745702857706250,"",2025-12-30 03:01:48,2025-12-30 03:01:48,0,,,,,,,,,,,,,27,,,,,,776,,,,,,,,,,,,{},{},,,,,,,,,,,,,2025-12-30 03:01:48
财经葛先生,7568432854212873010,"",2025-12-30 03:02:36,2025-12-30 03:02:36,0,,,,,,,,,,,,,19,,,,,,1320,,,,,,,,,,,,{},{},,,,,,,,,,,,,2025-12-30 03:02:36
财经葛先生,7568366592271141682,"",2025-12-30 03:03:40,2025-12-30 03:03:40,0,,,,,,,,,,,,,23,,,,,,804,,,,,,,,,,,,{},{},,,,,,,,,,,,,2025-12-30 03:03:40
财经葛先生,7567320111095663406,"",2025-12-30 03:05:06,2025-12-30 03:05:06,0,,,,,,,,,,,,,23,,,,,,826,,,,,,,,,,,,{},{},,,,,,,,,,,,,2025-12-30 03:05:06
财经葛先生,7567215480340171558,"",2025-12-30 03:06:03,2025-12-30 03:06:03,0,,,,,,,,,,,,,21,,,,,,798,,,,,,,,,,,,{},{},,,,,,,,,,,,,2025-12-30 03:06:03
财经葛先生,7566944523796974346,"",2025-12-30 03:07:13,2025-12-30 03:07:13,0,,,,,,,,,,,,,24,,,,,,906,,,,,,,,,,,,{},{},,,,,,,,,,,,,2025-12-30 03:07:13
财经葛先生,7566845547728554803,"",2025-12-30 03:08:49,2025-12-30 03:08:49,0,,,,,,,,,,,,,19,,,,,,812,,,,,,,,,,,,{},{},,,,,,,,,,,,,2025-12-30 03:08:49
财经葛先生,7566572842110290698,"",2025-12-30 03:10:12,2025-12-30 03:10:12,0,,,,,,,,,,,,,29,,,,,,824,,,,,,,,,,,,{},{},,,,,,,,,,,,,2025-12-30 03:10:12
财经葛先生,7566508125004516123,"",2025-12-30 03:11:36,2025-12-30 03:11:36,0,,,,,,,,,,,,,27,,,,,,898,,,,,,,,,,,,{},{},,,,,,,,,,,,,2025-12-30 03:11:36
财经葛先生,7566209926905760550,"",2025-12-30 03:13:10,2025-12-30 03:13:10,0,,,,,,,,,,,,,1,,,,,,60,,,,,,,,,,,,{},{},,,,,,,,,,,,,2025-12-30 03:13:10
财经葛先生,7566190820509190938,"",2025-12-30 03:14:00,2025-12-30 03:14:00,0,,,,,,,,,,,,,29,,,,,,844,,,,,,,,,,,,{},{},,,,,,,,,,,,,2025-12-30 03:14:00
财经葛先生,7566103790605077257,"",2025-12-30 03:14:41,2025-12-30 03:14:41,0,,,,,,,,,,,,,10,,,,,,1124,,,,,,,,,,,,{},{},,,,,,,,,,,,,2025-12-30 03:14:41
财经葛先生,7566096761018682150,"",2025-12-30 03:15:22,2025-12-30 03:15:22,0,,,,,,,,,,,,,12,,,,,,630,,,,,,,,,,,,{},{},,,,,,,,,,,,,2025-12-30 03:15:22
财经葛先生,7565838075428129587,"",2025-12-30 03:15:59,2025-12-30 03:15:59,0,,,,,,,,,,,,,22,,,,,,938,,,,,,,,,,,,{},{},,,,,,,,,,,,,2025-12-30 03:15:59
财经葛先生,7565772119393553162,"",2025-12-30 03:16:35,2025-12-30 03:16:35,0,,,,,,,,,,,,,18,,,,,,875,,,,,,,,,,,,{},{},,,,,,,,,,,,,2025-12-30 03:16:35
财经葛先生,7564719063692266250,"",2025-12-30 03:17:13,2025-12-30 03:17:13,0,,,,,,,,,,,,,29,,,,,,966,,,,,,,,,,,,{},{},,,,,,,,,,,,,2025-12-30 03:17:13
财经葛先生,7564613157826693898,"",2025-12-30 03:17:51,2025-12-30 03:17:51,0,,,,,,,,,,,,,28,,,,,,978,,,,,,,,,,,,{},{},,,,,,,,,,,,,2025-12-30 03:17:51
财经葛先生,7564298167181675291,"",2025-12-30 03:18:30,2025-12-30 03:18:30,0,,,,,,,,,,,,,20,,,,,,1356,,,,,,,,,,,,{},{},,,,,,,,,,,,,2025-12-30 03:18:30
财经葛先生,7563975597136153353,"",2025-12-30 03:19:08,2025-12-30 03:19:08,0,,,,,,,,,,,,,27,,,,,,819,,,,,,,,,,,,{},{},,,,,,,,,,,,,2025-12-30 03:19:08
财经葛先生,7563930443058268955,"",2025-12-30 03:19:45,2025-12-30 03:19:45,0,,,,,,,,,,,,,16,,,,,,966,,,,,,,,,,,,{},{},,,,,,,,,,,,,2025-12-30 03:19:45
财经葛先生,7563859189496335114,"",2025-12-30 03:20:24,2025-12-30 03:20:24,0,,,,,,,,,,,,,13,,,,,,773,,,,,,,,,,,,{},{},,,,,,,,,,,,,2025-12-30 03:20:24
财经葛先生,7563600416953453362,"",2025-12-30 03:21:04,2025-12-30 03:21:04,0,,,,,,,,,,,,,11,,,,,,694,,,,,,,,,,,,{},{},,,,,,,,,,,,,2025-12-30 03:21:04
财经葛先生,7563242880010029833,"",2025-12-30 03:21:45,2025-12-30 03:21:45,0,,,,,,,,,,,,,10,,,,,,582,,,,,,,,,,,,{},{},,,,,,,,,,,,,2025-12-30 03:21:45
财经葛先生,7562012633335876402,"",2025-12-30 03:22:23,2025-12-30 03:22:23,0,,,,,,,,,,,,,10,,,,,,540,,,,,,,,,,,,{},{},,,,,,,,,,,,,2025-12-30 03:22:23
财经葛先生,7561748558915980082,"",2025-12-30 03:23:02,2025-12-30 03:23:02,0,,,,,,,,,,,,,10,,,,,,398,,,,,,,,,,,,{},{},,,,,,,,,,,,,2025-12-30 03:23:02
财经葛先生,7561747436910857011,"",2025-12-30 03:23:41,2025-12-30 03:23:41,0,,,,,,,,,,,,,1,,,,,,60,,,,,,,,,,,,{},{},,,,,,,,,,,,,2025-12-30 03:23:41
财经葛先生,7561382061320194866,"",2025-12-30 03:24:19,2025-12-30 03:24:19,0,,,,,,,,,,,,,12,,,,,,981,,,,,,,,,,,,{},{},,,,,,,,,,,,,2025-12-30 03:24:19
财经葛先生,7561290220033805094,"",2025-12-30 03:24:58,2025-12-30 03:24:58,0,,,,,,,,,,,,,11,,,,,,821,,,,,,,,,,,,{},{},,,,,,,,,,,,,2025-12-30 03:24:58
财经葛先生,7560987838796401459,"",2025-12-30 03:25:36,2025-12-30 03:25:36,0,,,,,,,,,,,,,12,,,,,,960,,,,,,,,,,,,{},{},,,,,,,,,,,,,2025-12-30 03:25:36
财经葛先生,7560984969993472794,"",2025-12-30 03:26:12,2025-12-30 03:26:12,0,,,,,,,,,,,,,10,,,,,,102,,,,,,,,,,,,{},{},,,,,,,,,,,,,2025-12-30 03:26:12
财经葛先生,7560982773930969865,"",2025-12-30 03:26:49,2025-12-30 03:26:49,0,,,,,,,,,,,,,2,,,,,,30,,,,,,,,,,,,{},{},,,,,,,,,,,,,2025-12-30 03:26:49
财经葛先生,7560982127495613234,"",2025-12-30 03:27:26,2025-12-30 03:27:26,0,,,,,,,,,,,,,2,,,,,,60,,,,,,,,,,,,{},{},,,,,,,,,,,,,2025-12-30 03:27:26
财经葛先生,7560980379551304486,"",2025-12-30 03:28:03,2025-12-30 03:28:03,0,,,,,,,,,,,,,1,,,,,,180,,,,,,,,,,,,{},{},,,,,,,,,,,,,2025-12-30 03:28:03
财经葛先生,7560643258989202186,"",2025-12-30 03:28:41,2025-12-30 03:28:41,0,,,,,,,,,,,,,12,,,,,,909,,,,,,,,,,,,{},{},,,,,,,,,,,,,2025-12-30 03:28:41
财经葛先生,7560627436254251827,"",2025-12-30 03:29:20,2025-12-30 03:29:20,0,,,,,,,,,,,,,11,,,,,,820,,,,,,,,,,,,{},{},,,,,,,,,,,,,2025-12-30 03:29:20
财经葛先生,7589480169040169779,"",2025-12-30 07:17:30,2025-12-30 07:17:30,0,,,,,,,,,,,,,30,,,,,,940,,,,,,,,,,,,{},{},,,,,,,,,,,,,2025-12-30 07:17:30
财经葛先生,7589583542263270154,"黄金白银剧烈波动，当下该怎么办？",2025-12-30 09:40:47,2025-12-30 09:40:47,0,,,,,,,,,,,,,399,,,,,,1379,,,,,,,,,,,,{},{},,,,,,,,,,,,,2025-12-30 09:40:47
财经葛先生,7589657523565775668,"黄金白银剧烈波动，当下该怎么办？",2025-12-30 14:27:51,2025-12-30 14:27:51,0,,,,,,,,,,,,,436,,,,,,2926,,,,,,,,,,,,{},{},,,,,,,,,,,,,2025-12-30 14:27:51
财经葛先生,7589849230676609838,"黄金白银剧烈波动，当下该怎么办？",2025-12-31 02:51:45,2025-12-31 02:51:45,0,,,,,,,,,,,,,419,,,,,,2152,,,,,,,,,,,,{},{},,,,,,,,,,,,,2025-12-31 02:51:45
财经葛先生,7589950881609550643,"黄金白银剧烈波动，当下该怎么办？",2025-12-31 09:26:18,2025-12-31 09:26:18,0,,,,,,,,,,,,,449,,,,,,1849,,,,,,,,,,,,{},{},,,,,,,,,,,,,2025-12-31 09:26:18
财经葛先生,7590031856293415732,"黄金白银剧烈波动，当下该怎么办？",2025-12-31 14:40:26,2025-12-31 14:40:26,0,,,,,,,,,,,,,560,,,,,,2623,,,,,,,,,,,,{},{},,,,,,,,,,,,,2025-12-31 14:40:26
财经葛先生,7591336151781231370,"黄金白银剧烈波动，当下该怎么办？",2026-01-04 03:01:45,2026-01-04 03:01:45,0,,,,,,,,,,,,,442,,,,,,2151,,,,,,,,,,,,{},{},,,,,,,,,,,,,2026-01-04 03:01:45
财经葛先生,7591435910996036402,"地缘事件频，黄金后市涨跌如何？",2026-01-04 09:28:55,2026-01-04 09:28:55,0,,,,,,,,,,,,,425,,,,,,2360,,,,,,,,,,,,{},{},,,,,,,,,,,,,2026-01-04 09:28:55
财经葛先生,7591706574096206643,"地缘事件频，黄金后市涨跌如何？",2026-01-05 02:59:11,2026-01-05 02:59:11,0,,,,,,,,,,,,,436,,,,,,2135,,,,,,,,,,,,{},{},,,,,,,,,,,,,2026-01-05 02:59:11
财经葛先生,7591862503525616424,"",2026-01-05 13:04:07,2026-01-05 13:04:07,0,,,,,,,,,,,,,1,,,,,,41,,,,,,,,,,,,{},{},,,,,,,,,,,,,2026-01-05 13:04:07
财经葛先生,7591862839187786530,"",2026-01-05 13:05:25,2026-01-05 13:05:25,0,,,,,,,,,,,,,1,,,,,,349,,,,,,,,,,,,{},{},,,,,,,,,,,,,2026-01-05 13:05:25
财经葛先生,7591864540359428916,"",2026-01-05 13:12:06,2026-01-05 13:12:06,0,,,,,,,,,,,,,1,,,,,,96,,,,,,,,,,,,{},{},,,,,,,,,,,,,2026-01-05 13:12:06
财经葛先生,7591865008393423631,"",2026-01-05 13:13:56,2026-01-05 13:13:56,0,,,,,,,,,,,,,1,,,,,,16,,,,,,,,,,,,{},{},,,,,,,,,,,,,2026-01-05 13:13:56
财经葛先生,7591869453810322211,"地缘事件频，黄金后市涨跌如何？",2026-01-05 13:31:06,2026-01-05 13:31:06,0,,,,,,,,,,,,,301,,,,,,194,,,,,,,,,,,,{},{},,,,,,,,,,,,,2026-01-05 13:31:06
财经葛先生,7591870514369432372,"地缘事件频，黄金后市涨跌如何？",2026-01-05 13:35:17,2026-01-05 13:35:17,0,,,,,,,,,,,,,475,,,,,,3717,,,,,,,,,,,,{},{},,,,,,,,,,,,,2026-01-05 13:35:17
财经葛先生,7592079631966702374,"地缘事件频，黄金后市涨跌如何？",2026-01-06 03:06:53,2026-01-06 03:06:53,0,,,,,,,,,,,,,419,,,,,,2009,,,,,,,,,,,,{},{},,,,,,,,,,,,,2026-01-06 03:06:53
财经葛先生,7592240157324479284,"地缘事件频，黄金后市涨跌如何？",2026-01-06 13:29:40,2026-01-06 13:29:40,0,,,,,,,,,,,,,477,,,,,,3334,,,,,,,,,,,,{},{},,,,,,,,,,,,,2026-01-06 13:29:40
财经葛先生,7592452073506097970,"黄金接近历史新高，后市是涨？是跌？",2026-01-07 03:12:13,2026-01-07 03:12:13,0,,,,,,,,,,,,,205,,,,,,20,,,,,,,,,,,,{},{},,,,,,,,,,,,,2026-01-07 03:12:13
财经葛先生,7592452351055776538,"黄金接近历史新高，后市是涨？是跌？",2026-01-07 03:13:17,2026-01-07 03:13:17,0,,,,,,,,,,,,,395,,,,,,1920,,,,,,,,,,,,{},{},,,,,,,,,,,,,2026-01-07 03:13:17
财经葛先生,7592611575731637027,"黄金接近历史新高，后市是涨？是跌？",2026-01-07 13:30:59,2026-01-07 13:30:59,0,,,,,,,,,,,,,458,,,,,,3127,,,,,,,,,,,,{},{},,,,,,,,,,,,,2026-01-07 13:30:59
财经葛先生,7592773979673660175,"黄金接近历史新高，后市是涨？是跌？",2026-01-08 00:01:22,2026-01-08 00:01:22,0,,,,,,,,,,,,,375,,,,,,1962,,,,,,,,,,,,{},{},,,,,,,,,,,,,2026-01-08 00:01:22
财经葛先生,7592824685990103817,"黄金接近历史新高，后市是涨？是跌？",2026-01-08 03:18:09,2026-01-08 03:18:09,0,,,,,,,,,,,,,215,,,,,,58,,,,,,,,,,,,{},{},,,,,,,,,,,,,2026-01-08 03:18:09
财经葛先生,7592825140465781542,"黄金接近历史新高，后市是涨？是跌？",2026-01-08 03:19:54,2026-01-08 03:19:54,0,,,,,,,,,,,,,376,,,,,,2088,,,,,,,,,,,,{},{},,,,,,,,,,,,,2026-01-08 03:19:54
财经葛先生,7592983656782318351,"彭博商品指数调整，后市是涨？是",2026-01-08 13:34:55,2026-01-08 13:34:55,0,,,,,,,,,,,,,417,,,,,,2897,,,,,,,,,,,,{},{},,,,,,,,,,,,,2026-01-08 13:34:55
财经葛先生,7593190156794940210,"黄金第3次提高保证金！后市是涨？是跌？",2026-01-09 02:56:24,2026-01-09 02:56:24,0,,,,,,,,,,,,,386,,,,,,2210,,,,,,,,,,,,{},{},,,,,,,,,,,,,2026-01-09 02:56:24
财经葛先生,7593348792671963919,"黄金第3次提高保证金！后市是涨？是跌？",2026-01-09 13:11:43,2026-01-09 13:11:43,0,,,,,,,,,,,,,472,,,,,,3643,,,,,,,,,,,,{},{},,,,,,,,,,,,,2026-01-09 13:11:43
财经葛先生,7594303888962046754,"黄金又破历史新高，能追吗？",2026-01-12 02:58:17,2026-01-12 02:58:17,0,,,,,,,,,,,,,396,,,,,,2073,,,,,,,,,,,,{},{},,,,,,,,,,,,,2026-01-12 02:58:17
财经葛先生,7594465712060631848,"黄金又破历史新高，能追吗？",2026-01-12 13:26:02,2026-01-12 13:26:02,0,,,,,,,,,,,,,439,,,,,,2963,,,,,,,,,,,,{},{},,,,,,,,,,,,,2026-01-12 13:26:02
财经葛先生,7594674999437364018,"卫星暴跌!黄金调整！",2026-01-13 02:58:17,2026-01-13 02:58:17,0,,,,,,,,,,,,,405,,,,,,1938,,,,,,,,,,,,{},{},,,,,,,,,,,,,2026-01-13 02:58:17
财经葛先生,7594834347534863156,"CPI数据公布黄金是涨？是跌？",2026-01-13 13:16:27,2026-01-13 13:16:27,0,,,,,,,,,,,,,449,,,,,,2624,,,,,,,,,,,,{},{},,,,,,,,,,,,,2026-01-13 13:16:27
财经葛先生,7595046608233188123,"黄金、A股反弹！要追吗？",2026-01-14 03:00:10,2026-01-14 03:00:10,0,,,,,,,,,,,,,389,,,,,,2289,,,,,,,,,,,,{},{},,,,,,,,,,,,,2026-01-14 03:00:10
财经葛先生,7595208076202953487,"黄金历史新高！应该如何操作？",2026-01-14 13:26:43,2026-01-14 13:26:43,0,,,,,,,,,,,,,398,,,,,,3141,,,,,,,,,,,,{},{},,,,,,,,,,,,,2026-01-14 13:26:43
财经葛先生,7595417705529297674,"黄金、A股回调！后市如何操作？",2026-01-15 03:00:12,2026-01-15 03:00:12,0,,,,,,,,,,,,,395,,,,,,1985,,,,,,,,,,,,{},{},,,,,,,,,,,,,2026-01-15 03:00:12
财经葛先生,7595578578843028258,"黄金、A股回调！后市如何操作？",2026-01-15 13:24:26,2026-01-15 13:24:26,0,,,,,,,,,,,,,403,,,,,,3404,,,,,,,,,,,,{},{},,,,,,,,,,,,,2026-01-15 13:24:26
财经葛先生,7595790527904172838,"黄金、白银、A股回调！后市如何操作？",2026-01-16 03:07:01,2026-01-16 03:07:01,0,,,,,,,,,,,,,373,,,,,,2279,,,,,,,,,,,,{},{},,,,,,,,,,,,,2026-01-16 03:07:01
财经葛先生,7595867740393491209,"黄金、白银、A股回调！后市如何操作？",2026-01-16 08:06:37,2026-01-16 08:06:37,0,,,,,,,,,,,,,295,,,,,,314,,,,,,,,,,,,{},{},,,,,,,,,,,,,2026-01-16 08:06:37
财经葛先生,7595950089233582848,"黄金、白银、A股回调！后市如何操作？",2026-01-16 13:26:07,2026-01-16 13:26:07,0,,,,,,,,,,,,,398,,,,,,3289,,,,,,,,,,,,{},{},,,,,,,,,,,,,2026-01-16 13:26:07
财经葛先生,7596854615849716495,"黄金、白银、A股回调！后市如何操作？",2026-01-18 23:56:48,2026-01-18 23:56:48,0,,,,,,,,,,,,,369,,,,,,2657,,,,,,,,,,,,{},{},,,,,,,,,,,,,2026-01-18 23:56:48
财经葛先生,7596903303666223898,"黄金新高、A股回调！后市如何操作？",2026-01-19 03:05:13,2026-01-19 03:05:13,0,,,,,,,,,,,,,384,,,,,,2395,,,,,,,,,,,,{},{},,,,,,,,,,,,,2026-01-19 03:05:13
财经葛先生,7597272410903169842,"黄金新高、A股回调！后市如何操作？",2026-01-20 02:57:31,2026-01-20 02:57:31,0,,,,,,,,,,,,,379,,,,,,2362,,,,,,,,,,,,{},{},,,,,,,,,,,,,2026-01-20 02:57:31
财经葛先生,7597434074910706484,"黄金新高、A股回调！后市如何操作？",2026-01-20 13:24:42,2026-01-20 13:24:42,0,,,,,,,,,,,,,552,,,,,,2671,,,,,,,,,,,,{},{},,,,,,,,,,,,,2026-01-20 13:24:42
财经葛先生,7597644969813281546,"黄金破4800，A股回调！能追吗？",2026-01-21 03:03:18,2026-01-21 03:03:18,0,,,,,,,,,,,,,374,,,,,,2129,,,,,,,,,,,,{},{},,,,,,,,,,,,,2026-01-21 03:03:18
财经葛先生,7597802624015977268,"黄金破4800，A股回调！能追吗？",2026-01-21 13:14:57,2026-01-21 13:14:57,0,,,,,,,,,,,,,405,,,,,,3455,,,,,,,,,,,,{},{},,,,,,,,,,,,,2026-01-21 13:14:57
财经葛先生,7598016101009214258,"黄金、A股回调！咋办？",2026-01-22 03:03:29,2026-01-22 03:03:29,0,,,,,,,,,,,,,376,,,,,,2400,,,,,,,,,,,,{},{},,,,,,,,,,,,,2026-01-22 03:03:29
财经葛先生,7598174666789128960,"黄金、A股回调！咋办？",2026-01-22 13:18:33,2026-01-22 13:18:33,0,,,,,,,,,,,,,387,,,,,,3355,,,,,,,,,,,,{},{},,,,,,,,,,,,,2026-01-22 13:18:33
财经葛先生,7598387492013902630,"黄金逼近5000！A股震荡！咋办",2026-01-23 03:04:35,2026-01-23 03:04:35,0,,,,,,,,,,,,,383,,,,,,2402,,,,,,,,,,,,{},{},,,,,,,,,,,,,2026-01-23 03:04:35
财经葛先生,7598546655796316928,"黄金逼近5000！A股震荡！咋办",2026-01-23 13:22:07,2026-01-23 13:22:07,0,,,,,,,,,,,,,411,,,,,,4836,,,,,,,,,,,,{},{},,,,,,,,,,,,,2026-01-23 13:22:07
财经葛先生,7599499707786054446,"黄金破5000！A股震荡！咋办",2026-01-26 03:00:22,2026-01-26 03:00:22,0,,,,,,,,,,,,,551,,,,,,1957,,,,,,,,,,,,{},{},,,,,,,,,,,,,2026-01-26 03:00:22
财经葛先生,7599603408802237193,"黄金破5000！A股震荡！咋办",2026-01-26 09:43:02,2026-01-26 09:43:02,0,,,,,,,,,,,,,373,,,,,,2213,,,,,,,,,,,,{},{},,,,,,,,,,,,,2026-01-26 09:43:02
财经葛先生,7599870405253499686,"黄金破5000！A股震荡！咋办",2026-01-27 02:59:04,2026-01-27 02:59:04,0,,,,,,,,,,,,,365,,,,,,1935,,,,,,,,,,,,{},{},,,,,,,,,,,,,2026-01-27 02:59:04
财经葛先生,7599971783411845898,"黄金破5000！A股震荡！咋办",2026-01-27 09:32:32,2026-01-27 09:32:32,0,,,,,,,,,,,,,374,,,,,,2559,,,,,,,,,,,,{},{},,,,,,,,,,,,,2026-01-27 09:32:32
财经葛先生,7600192727988374312,"黄金破5000！A股震荡！咋办",2026-01-27 23:50:16,2026-01-27 23:50:16,0,,,,,,,,,,,,,412,,,,,,2190,,,,,,,,,,,,{},{},,,,,,,,,,,,,2026-01-27 23:50:16
财经葛先生,7600242048603720499,"黄金破5200、A股反弹！还能买吗？",2026-01-28 03:01:12,2026-01-28 03:01:12,0,,,,,,,,,,,,,382,,,,,,2441,,,,,,,,,,,,{},{},,,,,,,,,,,,,2026-01-28 03:01:12
财经葛先生,7600615378712447790,"黄金暴涨！有色下跌！今天咋办？",2026-01-29 03:10:07,2026-01-29 03:10:07,0,,,,,,,,,,,,,389,,,,,,2205,,,,,,,,,,,,{},{},,,,,,,,,,,,,2026-01-29 03:10:07
财经葛先生,7600715333619436314,"黄金暴涨！有色下跌！今天咋办？",2026-01-29 09:37:51,2026-01-29 09:37:51,0,,,,,,,,,,,,,379,,,,,,2352,,,,,,,,,,,,{},{},,,,,,,,,,,,,2026-01-29 09:37:51
财经葛先生,7600984090720193331,"黄金A股出现剧烈回调",2026-01-30 03:00:31,2026-01-30 03:00:31,0,,,,,,,,,,,,,412,,,,,,2703,,,,,,,,,,,,{},{},,,,,,,,,,,,,2026-01-30 03:00:31
财经葛先生,7601083209430174515,"黄金A股出现剧烈回调",2026-01-30 09:25:18,2026-01-30 09:25:18,0,,,,,,,,,,,,,412,,,,,,2761,,,,,,,,,,,,{},{},,,,,,,,,,,,,2026-01-30 09:25:18
财经葛先生,7601148213110164239,"黄金A股出现剧烈回调",2026-01-30 13:37:32,2026-01-30 13:37:32,0,,,,,,,,,,,,,546,,,,,,4291,,,,,,,,,,,,{},{},,,,,,,,,,,,,2026-01-30 13:37:32
财经葛先生,7601312236216290083,"黄金A股出现剧烈回调",2026-01-31 00:14:20,2026-01-31 00:14:20,0,,,,,,,,,,,,,402,,,,,,1376,,,,,,,,,,,,{},{},,,,,,,,,,,,,2026-01-31 00:14:20
财经葛先生,7602043791982791458,"黄金A股出现剧烈回调 如何操作",2026-02-01 23:33:26,2026-02-01 23:33:26,0,,,,,,,,,,,,,448,,,,,,2538,,,,,,,,,,,,{},{},,,,,,,,,,,,,2026-02-01 23:33:26
财经葛先生,7602098008892934958,"黄金、有色暴跌！今天咋办？",2026-02-02 03:03:20,2026-02-02 03:03:20,0,,,,,,,,,,,,,431,,,,,,2869,,,,,,,,,,,,{},{},,,,,,,,,,,,,2026-02-02 03:03:20
财经葛先生,7602198205677243145,"黄金、A股暴跌！今天咋办？",2026-02-02 09:32:06,2026-02-02 09:32:06,0,,,,,,,,,,,,,397,,,,,,2611,,,,,,,,,,,,{},{},,,,,,,,,,,,,2026-02-02 09:32:06
财经葛先生,7602468504347904814,"黄金白银 A股反弹！机会来临？",2026-02-03 03:00:57,2026-02-03 03:00:57,0,,,,,,,,,,,,,475,,,,,,2170,,,,,,,,,,,,{},{},,,,,,,,,,,,,2026-02-03 03:00:57
财经葛先生,7602568720113290034,"黄金白银 A股反弹！机会来临？",2026-02-03 09:29:52,2026-02-03 09:29:52,0,,,,,,,,,,,,,557,,,,,,2096,,,,,,,,,,,,{},{},,,,,,,,,,,,,2026-02-03 09:29:52
财经葛先生,7602837883162364687,"",2026-02-04 02:54:23,2026-02-04 02:54:23,0,,,,,,,,,,,,,2,,,,,,3,,,,,,,,,,,,{},{},,,,,,,,,,,,,2026-02-04 02:54:23
财经葛先生,7602837922236205862,"黄金白银 A股反弹！机会来临？",2026-02-04 02:54:44,2026-02-04 02:54:44,0,,,,,,,,,,,,,469,,,,,,2448,,,,,,,,,,,,{},{},,,,,,,,,,,,,2026-02-04 02:54:44
财经葛先生,7602940224053889802,"黄金A股见底，应该怎么操作？",2026-02-04 09:31:26,2026-02-04 09:31:26,0,,,,,,,,,,,,,482,,,,,,2030,,,,,,,,,,,,{},{},,,,,,,,,,,,,2026-02-04 09:31:26
财经葛先生,7603210650680167177,"黄金、A股暴跌！节前还有机会吗？",2026-02-05 03:00:51,2026-02-05 03:00:51,0,,,,,,,,,,,,,555,,,,,,1621,,,,,,,,,,,,{},{},,,,,,,,,,,,,2026-02-05 03:00:51
财经葛先生,7603311209446066990,"黄金、A股暴跌！节前还有机会吗？",2026-02-05 09:31:08,2026-02-05 09:31:08,0,,,,,,,,,,,,,521,,,,,,1509,,,,,,,,,,,,{},{},,,,,,,,,,,,,2026-02-05 09:31:08
财经葛先生,7603581596985576192,"过年前，黄金还能涨吗",2026-02-06 03:00:13,2026-02-06 03:00:13,0,,,,,,,,,,,,,461,,,,,,1723,,,,,,,,,,,,{},{},,,,,,,,,,,,,2026-02-06 03:00:13
财经葛先生,7603685973809056563,"过年前，黄金还能涨吗",2026-02-06 09:45:26,2026-02-06 09:45:26,0,,,,,,,,,,,,,552,,,,,,1795,,,,,,,,,,,,{},{},,,,,,,,,,,,,2026-02-06 09:45:26
财经葛先生,7604694959245331250,"过年前，黄金还能涨吗",2026-02-09 03:00:42,2026-02-09 03:00:42,0,,,,,,,,,,,,,485,,,,,,1894,,,,,,,,,,,,{},{},,,,,,,,,,,,,2026-02-09 03:00:42
财经葛先生,7604796745125825326,"黄金价格重返5000！是陷阱？还是冲锋号",2026-02-09 09:35:53,2026-02-09 09:35:53,0,,,,,,,,,,,,,458,,,,,,1984,,,,,,,,,,,,{},{},,,,,,,,,,,,,2026-02-09 09:35:53
财经葛先生,7605066313299512102,"黄金价格重返5000！是陷阱？还是冲锋号",2026-02-10 03:01:54,2026-02-10 03:01:54,0,,,,,,,,,,,,,458,,,,,,1980,,,,,,,,,,,,{},{},,,,,,,,,,,,,2026-02-10 03:01:54
财经葛先生,7605066313299512102,"",2026-02-10 07:20:48,2026-02-10 07:20:48,0,,,,,,,,,,,,,30,,,,,,982,,,,,,,,,,,,{},{},,,,,,,,,,,,,2026-02-10 07:20:48
财经葛先生,7604796745125825326,"",2026-02-10 07:21:25,2026-02-10 07:21:25,0,,,,,,,,,,,,,30,,,,,,960,,,,,,,,,,,,{},{},,,,,,,,,,,,,2026-02-10 07:21:25
财经葛先生,7604694959245331250,"",2026-02-10 07:22:00,2026-02-10 07:22:00,0,,,,,,,,,,,,,29,,,,,,1020,,,,,,,,,,,,{},{},,,,,,,,,,,,,2026-02-10 07:22:00
财经葛先生,7603685973809056563,"",2026-02-10 07:22:37,2026-02-10 07:22:37,0,,,,,,,,,,,,,30,,,,,,1046,,,,,,,,,,,,{},{},,,,,,,,,,,,,2026-02-10 07:22:37
财经葛先生,7603581596985576192,"",2026-02-10 07:25:04,2026-02-10 07:25:04,0,,,,,,,,,,,,,29,,,,,,902,,,,,,,,,,,,{},{},,,,,,,,,,,,,2026-02-10 07:25:04
财经葛先生,7603311209446066990,"",2026-02-10 07:25:40,2026-02-10 07:25:40,0,,,,,,,,,,,,,30,,,,,,886,,,,,,,,,,,,{},{},,,,,,,,,,,,,2026-02-10 07:25:40
财经葛先生,7603210650680167177,"",2026-02-10 07:26:18,2026-02-10 07:26:18,0,,,,,,,,,,,,,30,,,,,,966,,,,,,,,,,,,{},{},,,,,,,,,,,,,2026-02-10 07:26:18
财经葛先生,7602940224053889802,"",2026-02-10 07:26:59,2026-02-10 07:26:59,0,,,,,,,,,,,,,30,,,,,,1102,,,,,,,,,,,,{},{},,,,,,,,,,,,,2026-02-10 07:26:59
财经葛先生,7602837922236205862,"",2026-02-10 07:27:37,2026-02-10 07:27:37,0,,,,,,,,,,,,,30,,,,,,1306,,,,,,,,,,,,{},{},,,,,,,,,,,,,2026-02-10 07:27:37
财经葛先生,7602837883162364687,"",2026-02-10 07:28:14,2026-02-10 07:28:14,0,,,,,,,,,,,,,2,,,,,,0,,,,,,,,,,,,{},{},,,,,,,,,,,,,2026-02-10 07:28:14
财经葛先生,7602568720113290034,"",2026-02-10 07:28:52,2026-02-10 07:28:52,0,,,,,,,,,,,,,30,,,,,,1286,,,,,,,,,,,,{},{},,,,,,,,,,,,,2026-02-10 07:28:52
财经葛先生,7602468504347904814,"",2026-02-10 07:29:28,2026-02-10 07:29:28,0,,,,,,,,,,,,,30,,,,,,1132,,,,,,,,,,,,{},{},,,,,,,,,,,,,2026-02-10 07:29:28
财经葛先生,7602198205677243145,"",2026-02-10 07:30:04,2026-02-10 07:30:04,0,,,,,,,,,,,,,29,,,,,,1130,,,,,,,,,,,,{},{},,,,,,,,,,,,,2026-02-10 07:30:04
财经葛先生,7602098008892934958,"",2026-02-10 07:30:40,2026-02-10 07:30:40,0,,,,,,,,,,,,,29,,,,,,1316,,,,,,,,,,,,{},{},,,,,,,,,,,,,2026-02-10 07:30:40
财经葛先生,7602043791982791458,"",2026-02-10 07:31:31,2026-02-10 07:31:31,0,,,,,,,,,,,,,30,,,,,,1232,,,,,,,,,,,,{},{},,,,,,,,,,,,,2026-02-10 07:31:31
财经葛先生,7601312236216290083,"",2026-02-10 07:32:27,2026-02-10 07:32:27,0,,,,,,,,,,,,,30,,,,,,620,,,,,,,,,,,,{},{},,,,,,,,,,,,,2026-02-10 07:32:27
财经葛先生,7601148213110164239,"",2026-02-10 07:33:09,2026-02-10 07:33:09,0,,,,,,,,,,,,,30,,,,,,2282,,,,,,,,,,,,{},{},,,,,,,,,,,,,2026-02-10 07:33:09
财经葛先生,7601083209430174515,"",2026-02-10 07:33:48,2026-02-10 07:33:48,0,,,,,,,,,,,,,30,,,,,,1200,,,,,,,,,,,,{},{},,,,,,,,,,,,,2026-02-10 07:33:48
财经葛先生,7600984090720193331,"",2026-02-10 07:34:23,2026-02-10 07:34:23,0,,,,,,,,,,,,,30,,,,,,1244,,,,,,,,,,,,{},{},,,,,,,,,,,,,2026-02-10 07:34:23
财经葛先生,7600715333619436314,"",2026-02-10 07:35:00,2026-02-10 07:35:00,0,,,,,,,,,,,,,29,,,,,,1020,,,,,,,,,,,,{},{},,,,,,,,,,,,,2026-02-10 07:35:00
财经葛先生,7600615378712447790,"",2026-02-10 07:35:37,2026-02-10 07:35:37,0,,,,,,,,,,,,,29,,,,,,994,,,,,,,,,,,,{},{},,,,,,,,,,,,,2026-02-10 07:35:37
财经葛先生,7600242048603720499,"",2026-02-10 07:36:14,2026-02-10 07:36:14,0,,,,,,,,,,,,,30,,,,,,1060,,,,,,,,,,,,{},{},,,,,,,,,,,,,2026-02-10 07:36:14
财经葛先生,7600192727988374312,"",2026-02-10 07:36:50,2026-02-10 07:36:50,0,,,,,,,,,,,,,30,,,,,,1046,,,,,,,,,,,,{},{},,,,,,,,,,,,,2026-02-10 07:36:50
财经葛先生,7599971783411845898,"",2026-02-10 07:37:27,2026-02-10 07:37:27,0,,,,,,,,,,,,,30,,,,,,1104,,,,,,,,,,,,{},{},,,,,,,,,,,,,2026-02-10 07:37:27
财经葛先生,7599870405253499686,"",2026-02-10 07:38:10,2026-02-10 07:38:10,0,,,,,,,,,,,,,30,,,,,,820,,,,,,,,,,,,{},{},,,,,,,,,,,,,2026-02-10 07:38:10
财经葛先生,7599603408802237193,"",2026-02-10 07:39:04,2026-02-10 07:39:04,0,,,,,,,,,,,,,30,,,,,,960,,,,,,,,,,,,{},{},,,,,,,,,,,,,2026-02-10 07:39:04
财经葛先生,7599499707786054446,"",2026-02-10 07:40:35,2026-02-10 07:40:35,0,,,,,,,,,,,,,30,,,,,,1112,,,,,,,,,,,,{},{},,,,,,,,,,,,,2026-02-10 07:40:35
财经葛先生,7598546655796316928,"",2026-02-10 07:41:13,2026-02-10 07:41:13,0,,,,,,,,,,,,,30,,,,,,2240,,,,,,,,,,,,{},{},,,,,,,,,,,,,2026-02-10 07:41:13
财经葛先生,7598387492013902630,"",2026-02-10 07:41:49,2026-02-10 07:41:49,0,,,,,,,,,,,,,30,,,,,,1070,,,,,,,,,,,,{},{},,,,,,,,,,,,,2026-02-10 07:41:49
财经葛先生,7598174666789128960,"",2026-02-10 07:42:26,2026-02-10 07:42:26,0,,,,,,,,,,,,,30,,,,,,1480,,,,,,,,,,,,{},{},,,,,,,,,,,,,2026-02-10 07:42:26
财经葛先生,7598016101009214258,"",2026-02-10 07:43:04,2026-02-10 07:43:04,0,,,,,,,,,,,,,30,,,,,,1042,,,,,,,,,,,,{},{},,,,,,,,,,,,,2026-02-10 07:43:04
财经葛先生,7597802624015977268,"",2026-02-10 07:43:39,2026-02-10 07:43:39,0,,,,,,,,,,,,,30,,,,,,1530,,,,,,,,,,,,{},{},,,,,,,,,,,,,2026-02-10 07:43:39
财经葛先生,7597644969813281546,"",2026-02-10 07:44:15,2026-02-10 07:44:15,0,,,,,,,,,,,,,30,,,,,,920,,,,,,,,,,,,{},{},,,,,,,,,,,,,2026-02-10 07:44:15
财经葛先生,7597434074910706484,"",2026-02-10 07:44:51,2026-02-10 07:44:51,0,,,,,,,,,,,,,28,,,,,,1638,,,,,,,,,,,,{},{},,,,,,,,,,,,,2026-02-10 07:44:51
财经葛先生,7597272410903169842,"",2026-02-10 07:45:26,2026-02-10 07:45:26,0,,,,,,,,,,,,,30,,,,,,1040,,,,,,,,,,,,{},{},,,,,,,,,,,,,2026-02-10 07:45:26
财经葛先生,7596903303666223898,"",2026-02-10 07:46:02,2026-02-10 07:46:02,0,,,,,,,,,,,,,30,,,,,,1064,,,,,,,,,,,,{},{},,,,,,,,,,,,,2026-02-10 07:46:02
财经葛先生,7596854615849716495,"",2026-02-10 07:46:38,2026-02-10 07:46:38,0,,,,,,,,,,,,,30,,,,,,1164,,,,,,,,,,,,{},{},,,,,,,,,,,,,2026-02-10 07:46:38
财经葛先生,7595950089233582848,"",2026-02-10 07:47:15,2026-02-10 07:47:15,0,,,,,,,,,,,,,30,,,,,,1420,,,,,,,,,,,,{},{},,,,,,,,,,,,,2026-02-10 07:47:15
财经葛先生,7595867740393491209,"",2026-02-10 07:47:52,2026-02-10 07:47:52,0,,,,,,,,,,,,,24,,,,,,503,,,,,,,,,,,,{},{},,,,,,,,,,,,,2026-02-10 07:47:52
财经葛先生,7595790527904172838,"",2026-02-10 07:48:28,2026-02-10 07:48:28,0,,,,,,,,,,,,,30,,,,,,1006,,,,,,,,,,,,{},{},,,,,,,,,,,,,2026-02-10 07:48:28
财经葛先生,7595578578843028258,"",2026-02-10 07:49:08,2026-02-10 07:49:08,0,,,,,,,,,,,,,30,,,,,,1460,,,,,,,,,,,,{},{},,,,,,,,,,,,,2026-02-10 07:49:08
财经葛先生,7595417705529297674,"",2026-02-10 07:49:48,2026-02-10 07:49:48,0,,,,,,,,,,,,,30,,,,,,902,,,,,,,,,,,,{},{},,,,,,,,,,,,,2026-02-10 07:49:48
财经葛先生,7595208076202953487,"",2026-02-10 07:50:27,2026-02-10 07:50:27,0,,,,,,,,,,,,,29,,,,,,1360,,,,,,,,,,,,{},{},,,,,,,,,,,,,2026-02-10 07:50:27
财经葛先生,7595046608233188123,"",2026-02-10 07:51:17,2026-02-10 07:51:17,0,,,,,,,,,,,,,30,,,,,,1000,,,,,,,,,,,,{},{},,,,,,,,,,,,,2026-02-10 07:51:17
财经葛先生,7594834347534863156,"",2026-02-10 07:51:55,2026-02-10 07:51:55,0,,,,,,,,,,,,,30,,,,,,1322,,,,,,,,,,,,{},{},,,,,,,,,,,,,2026-02-10 07:51:55
财经葛先生,7594674999437364018,"",2026-02-10 07:52:31,2026-02-10 07:52:31,0,,,,,,,,,,,,,30,,,,,,938,,,,,,,,,,,,{},{},,,,,,,,,,,,,2026-02-10 07:52:31
财经葛先生,7594465712060631848,"",2026-02-10 07:53:06,2026-02-10 07:53:06,0,,,,,,,,,,,,,30,,,,,,1420,,,,,,,,,,,,{},{},,,,,,,,,,,,,2026-02-10 07:53:06
财经葛先生,7594303888962046754,"",2026-02-10 07:53:52,2026-02-10 07:53:52,0,,,,,,,,,,,,,30,,,,,,996,,,,,,,,,,,,{},{},,,,,,,,,,,,,2026-02-10 07:53:52
财经葛先生,7593348792671963919,"",2026-02-10 07:54:27,2026-02-10 07:54:27,0,,,,,,,,,,,,,30,,,,,,1864,,,,,,,,,,,,{},{},,,,,,,,,,,,,2026-02-10 07:54:27
财经葛先生,7593190156794940210,"",2026-02-10 07:55:02,2026-02-10 07:55:02,0,,,,,,,,,,,,,30,,,,,,984,,,,,,,,,,,,{},{},,,,,,,,,,,,,2026-02-10 07:55:02
财经葛先生,7592983656782318351,"",2026-02-10 07:55:37,2026-02-10 07:55:37,0,,,,,,,,,,,,,30,,,,,,1360,,,,,,,,,,,,{},{},,,,,,,,,,,,,2026-02-10 07:55:37
财经葛先生,7592825140465781542,"",2026-02-10 07:56:12,2026-02-10 07:56:12,0,,,,,,,,,,,,,30,,,,,,906,,,,,,,,,,,,{},{},,,,,,,,,,,,,2026-02-10 07:56:12
财经葛先生,7592824685990103817,"",2026-02-10 07:56:50,2026-02-10 07:56:50,0,,,,,,,,,,,,,20,,,,,,60,,,,,,,,,,,,{},{},,,,,,,,,,,,,2026-02-10 07:56:50
财经葛先生,7592773979673660175,"",2026-02-10 07:57:27,2026-02-10 07:57:27,0,,,,,,,,,,,,,30,,,,,,890,,,,,,,,,,,,{},{},,,,,,,,,,,,,2026-02-10 07:57:27
财经葛先生,7592611575731637027,"",2026-02-10 07:58:11,2026-02-10 07:58:11,0,,,,,,,,,,,,,29,,,,,,1538,,,,,,,,,,,,{},{},,,,,,,,,,,,,2026-02-10 07:58:11
财经葛先生,7592452351055776538,"",2026-02-10 07:58:47,2026-02-10 07:58:47,0,,,,,,,,,,,,,30,,,,,,846,,,,,,,,,,,,{},{},,,,,,,,,,,,,2026-02-10 07:58:47
财经葛先生,7592452073506097970,"",2026-02-10 07:59:22,2026-02-10 07:59:22,0,,,,,,,,,,,,,20,,,,,,30,,,,,,,,,,,,{},{},,,,,,,,,,,,,2026-02-10 07:59:22
财经葛先生,7592240157324479284,"",2026-02-10 07:59:57,2026-02-10 07:59:57,0,,,,,,,,,,,,,30,,,,,,1720,,,,,,,,,,,,{},{},,,,,,,,,,,,,2026-02-10 07:59:57
财经葛先生,7592079631966702374,"",2026-02-10 08:00:32,2026-02-10 08:00:32,0,,,,,,,,,,,,,30,,,,,,972,,,,,,,,,,,,{},{},,,,,,,,,,,,,2026-02-10 08:00:32
财经葛先生,7591870514369432372,"",2026-02-10 08:01:09,2026-02-10 08:01:09,0,,,,,,,,,,,,,30,,,,,,1862,,,,,,,,,,,,{},{},,,,,,,,,,,,,2026-02-10 08:01:09
财经葛先生,7591869453810322211,"",2026-02-10 08:01:44,2026-02-10 08:01:44,0,,,,,,,,,,,,,22,,,,,,109,,,,,,,,,,,,{},{},,,,,,,,,,,,,2026-02-10 08:01:44
财经葛先生,7591865008393423631,"",2026-02-10 08:02:20,2026-02-10 08:02:20,0,,,,,,,,,,,,,1,,,,,,0,,,,,,,,,,,,{},{},,,,,,,,,,,,,2026-02-10 08:02:20
财经葛先生,7591864540359428916,"",2026-02-10 08:02:57,2026-02-10 08:02:57,0,,,,,,,,,,,,,1,,,,,,120,,,,,,,,,,,,{},{},,,,,,,,,,,,,2026-02-10 08:02:57
财经葛先生,7591862839187786530,"",2026-02-10 08:03:33,2026-02-10 08:03:33,0,,,,,,,,,,,,,1,,,,,,360,,,,,,,,,,,,{},{},,,,,,,,,,,,,2026-02-10 08:03:33
财经葛先生,7591862503525616424,"",2026-02-10 08:04:09,2026-02-10 08:04:09,0,,,,,,,,,,,,,1,,,,,,60,,,,,,,,,,,,{},{},,,,,,,,,,,,,2026-02-10 08:04:09
财经葛先生,7591706574096206643,"",2026-02-10 08:04:45,2026-02-10 08:04:45,0,,,,,,,,,,,,,30,,,,,,1040,,,,,,,,,,,,{},{},,,,,,,,,,,,,2026-02-10 08:04:45
财经葛先生,7591435910996036402,"",2026-02-10 08:05:23,2026-02-10 08:05:23,0,,,,,,,,,,,,,29,,,,,,1188,,,,,,,,,,,,{},{},,,,,,,,,,,,,2026-02-10 08:05:23
财经葛先生,7591336151781231370,"",2026-02-10 08:06:00,2026-02-10 08:06:00,0,,,,,,,,,,,,,30,,,,,,1060,,,,,,,,,,,,{},{},,,,,,,,,,,,,2026-02-10 08:06:00
财经葛先生,7590031856293415732,"",2026-02-10 08:06:41,2026-02-10 08:06:41,0,,,,,,,,,,,,,30,,,,,,1604,,,,,,,,,,,,{},{},,,,,,,,,,,,,2026-02-10 08:06:41
财经葛先生,7589950881609550643,"",2026-02-10 08:07:21,2026-02-10 08:07:21,0,,,,,,,,,,,,,30,,,,,,928,,,,,,,,,,,,{},{},,,,,,,,,,,,,2026-02-10 08:07:21
财经葛先生,7589849230676609838,"",2026-02-10 08:08:02,2026-02-10 08:08:02,0,,,,,,,,,,,,,30,,,,,,1032,,,,,,,,,,,,{},{},,,,,,,,,,,,,2026-02-10 08:08:02
财经葛先生,7589583542263270154,"",2026-02-10 08:10:00,2026-02-10 08:10:00,0,,,,,,,,,,,,,29,,,,,,642,,,,,,,,,,,,{},{},,,,,,,,,,,,,2026-02-10 08:10:00
财经葛先生,7605167124713065226,"黄金价格重返5000！是陷阱？还是冲锋号",2026-02-10 09:33:08,2026-02-10 09:33:08,0,,,,,,,,,,,,,397,,,,,,2500,,,,,,,,,,,,{},{},,,,,,,,,,,,,2026-02-10 09:33:08
财经葛先生,7605167124713065226,"",2026-02-10 14:51:10,2026-02-10 14:51:10,0,,,,,,,,,,,,,30,,,,,,1102,,,,,,,,,,,,{},{},,,,,,,,,,,,,2026-02-10 14:51:10
财经葛先生,7589657523565775668,"",2026-02-10 15:45:48,2026-02-10 15:45:48,0,,,,,,,,,,,,,29,,,,,,1344,,,,,,,,,,,,{},{},,,,,,,,,,,,,2026-02-10 15:45:48
财经葛先生,7605437097306016539,"黄金、A股回升！要不要持仓过节？",2026-02-11 03:00:33,2026-02-11 03:00:33,0,,,,,,,,,,,,,445,,,,,,2404,,,,,,,,,,,,{},{},,,,,,,,,,,,,2026-02-11 03:00:33
财经葛先生,7605594081380584207,"黄金、A股回升！要不要持仓过节？",2026-02-11 13:09:43,2026-02-11 13:09:43,0,,,,,,,,,,,,,539,,,,,,4011,,,,,,,,,,,,{},{},,,,,,,,,,,,,2026-02-11 13:09:43
财经葛先生,7605594081380584207,"",2026-02-11 14:51:27,2026-02-11 14:51:27,0,,,,,,,,,,,,,27,,,,,,2384,,,,,,,,,,,,{},{},,,,,,,,,,,,,2026-02-11 14:51:27
财经葛先生,7605437097306016539,"",2026-02-11 14:52:42,2026-02-11 14:52:42,0,,,,,,,,,,,,,29,,,,,,1060,,,,,,,,,,,,{},{},,,,,,,,,,,,,2026-02-11 14:52:42
财经葛先生,7605807922546854682,"黄金、A股横盘震荡！横久必暴跌？",2026-02-12 02:59:49,2026-02-12 02:59:49,0,,,,,,,,,,,,,397,,,,,,2274,,,,,,,,,,,,{},{},,,,,,,,,,,,,2026-02-12 02:59:49
财经葛先生,7605912103723043610,"黄金、A股横盘震荡！横久必暴跌？",2026-02-12 09:44:18,2026-02-12 09:44:18,0,,,,,,,,,,,,,396,,,,,,2085,,,,,,,,,,,,{},{},,,,,,,,,,,,,2026-02-12 09:44:18
财经葛先生,7605912103723043610,"",2026-02-12 14:50:38,2026-02-12 14:50:38,0,,,,,,,,,,,,,29,,,,,,960,,,,,,,,,,,,{},{},,,,,,,,,,,,,2026-02-12 14:50:38
财经葛先生,7605807922546854682,"",2026-02-12 14:51:16,2026-02-12 14:51:16,0,,,,,,,,,,,,,29,,,,,,1000,,,,,,,,,,,,{},{},,,,,,,,,,,,,2026-02-12 14:51:16
财经葛先生,7606177405870312219,"黄金、A股暴跌！机会还是陷阱？",2026-02-13 02:53:31,2026-02-13 02:53:31,0,,,,,,,,,,,,,409,,,,,,2421,,,,,,,,,,,,{},{},,,,,,,,,,,,,2026-02-13 02:53:31
财经葛先生,7606337562029951744,"CPI今夜来袭黄金是涨是跌？",2026-02-13 13:14:53,2026-02-13 13:14:53,0,,,,,,,,,,,,,438,,,,,,3137,,,,,,,,,,,,{},{},,,,,,,,,,,,,2026-02-13 13:14:53
财经葛先生,7608181935181024035,"黄金剧烈调整 A股年后舞力全开",2026-02-18 12:31:58,2026-02-18 12:31:58,0,,,,,,,,,,,,,405,,,,,,3743,,,,,,,,,,,,{},{},,,,,,,,,,,,,2026-02-18 12:31:58
财经葛先生,7610042022677826344,"黄金反弹 恒生高开A股后市如何",2026-02-23 12:50:04,2026-02-23 12:50:04,0,,,,,,,,,,,,,410,,,,,,2294,,,,,,,,,,,,{},{},,,,,,,,,,,,,2026-02-23 12:50:04
财经葛先生,7611029088056118016,"黄金反弹 A股后市如何",2026-02-26 04:40:31,2026-02-26 04:40:31,0,,,,,,,,,,,,,207,,,,,,51,,,,,,,,,,,,{},{},,,,,,,,,,,,,2026-02-26 04:40:31
财经葛先生,7611029632099928884,"黄金反弹 A股后市如何",2026-02-26 04:42:46,2026-02-26 04:42:46,0,,,,,,,,,,,,,427,,,,,,3066,,,,,,,,,,,,{},{},,,,,,,,,,,,,2026-02-26 04:42:46
财经葛先生,7611913805508922127,"财经葛先生正在直播",2026-02-28 13:53:32,2026-02-28 13:53:32,0,,,,,,,,,,,,,539,,,,,,3374,,,,,,,,,,,,{},{},,,,,,,,,,,,,2026-02-28 13:53:32
财经葛先生,7612257302585985826,"大美突袭 黄金 A股 原油",2026-03-01 12:06:21,2026-03-01 12:06:21,0,,,,,,,,,,,,,451,,,,,,2877,,,,,,,,,,,,{},{},,,,,,,,,,,,,2026-03-01 12:06:21
财经葛先生,7612488762118998811,"地缘冲突！黄金、白银、a股怎么办？",2026-03-02 03:04:52,2026-03-02 03:04:52,0,,,,,,,,,,,,,397,,,,,,2986,,,,,,,,,,,,{},{},,,,,,,,,,,,,2026-03-02 03:04:52
财经葛先生,7612589955080244006,"地缘冲突！黄金、白银、a股怎么办？",2026-03-02 09:37:24,2026-03-02 09:37:24,0,,,,,,,,,,,,,413,,,,,,2379,,,,,,,,,,,,{},{},,,,,,,,,,,,,2026-03-02 09:37:24
财经葛先生,7612861232449686282,"黄金震荡！A股大跌！",2026-03-03 03:10:13,2026-03-03 03:10:13,0,,,,,,,,,,,,,385,,,,,,3037,,,,,,,,,,,,{},{},,,,,,,,,,,,,2026-03-03 03:10:13
财经葛先生,7612960447645469449,"黄金、白银、A股怎么了？想听！",2026-03-03 09:35:07,2026-03-03 09:35:07,0,,,,,,,,,,,,,439,,,,,,2288,,,,,,,,,,,,{},{},,,,,,,,,,,,,2026-03-03 09:35:07
财经葛先生,7613021508792814370,"黄金、白银、暴跌怎么办？",2026-03-03 13:32:01,2026-03-03 13:32:01,0,,,,,,,,,,,,,552,,,,,,4124,,,,,,,,,,,,{},{},,,,,,,,,,,,,2026-03-03 13:32:01
财经葛先生,7613234586814090011,"黄金、A股大幅波动！到底咋办？",2026-03-04 03:19:04,2026-03-04 03:19:04,0,,,,,,,,,,,,,395,,,,,,1926,,,,,,,,,,,,{},{},,,,,,,,,,,,,2026-03-04 03:19:04
财经葛先生,7613330636102798130,"黄金、A股大幅波动！到底咋办？",2026-03-04 09:31:36,2026-03-04 09:31:36,0,,,,,,,,,,,,,389,,,,,,2305,,,,,,,,,,,,{},{},,,,,,,,,,,,,2026-03-04 09:31:36
财经葛先生,7613601610702326537,"黄金、白银、A股大反攻！该上车了吗？",2026-03-05 03:03:09,2026-03-05 03:03:09,0,,,,,,,,,,,,,420,,,,,,2384,,,,,,,,,,,,{},{},,,,,,,,,,,,,2026-03-05 03:03:09
财经葛先生,7613701609989622579,"黄金、白银、原油、A股，反攻真的要来了吗",2026-03-05 09:31:13,2026-03-05 09:31:13,0,,,,,,,,,,,,,400,,,,,,2216,,,,,,,,,,,,{},{},,,,,,,,,,,,,2026-03-05 09:31:13
财经葛先生,7613972269643139878,"行情大反攻！黄金今夜暗藏惊人变数？",2026-03-06 03:01:25,2026-03-06 03:01:25,0,,,,,,,,,,,,,405,,,,,,2262,,,,,,,,,,,,{},{},,,,,,,,,,,,,2026-03-06 03:01:25
财经葛先生,7613972269643139878,"",2026-03-06 07:27:52,2026-03-06 07:27:52,0,,,,,,,,,,,,,30,,,,,,1022,,,,,,,,,,,,{},{},,,,,,,,,,,,,2026-03-06 07:27:52
财经葛先生,7613701609989622579,"",2026-03-06 07:28:26,2026-03-06 07:28:26,0,,,,,,,,,,,,,30,,,,,,1062,,,,,,,,,,,,{},{},,,,,,,,,,,,,2026-03-06 07:28:26
财经葛先生,7613601610702326537,"",2026-03-06 07:29:01,2026-03-06 07:29:01,0,,,,,,,,,,,,,29,,,,,,1200,,,,,,,,,,,,{},{},,,,,,,,,,,,,2026-03-06 07:29:01
财经葛先生,7613330636102798130,"",2026-03-06 07:29:36,2026-03-06 07:29:36,0,,,,,,,,,,,,,30,,,,,,1068,,,,,,,,,,,,{},{},,,,,,,,,,,,,2026-03-06 07:29:36
财经葛先生,7613234586814090011,"",2026-03-06 07:30:11,2026-03-06 07:30:11,0,,,,,,,,,,,,,30,,,,,,850,,,,,,,,,,,,{},{},,,,,,,,,,,,,2026-03-06 07:30:11
财经葛先生,7613021508792814370,"",2026-03-06 07:30:46,2026-03-06 07:30:46,0,,,,,,,,,,,,,30,,,,,,2300,,,,,,,,,,,,{},{},,,,,,,,,,,,,2026-03-06 07:30:46
财经葛先生,7612960447645469449,"",2026-03-06 07:31:20,2026-03-06 07:31:20,0,,,,,,,,,,,,,27,,,,,,1120,,,,,,,,,,,,{},{},,,,,,,,,,,,,2026-03-06 07:31:20
财经葛先生,7612861232449686282,"",2026-03-06 07:31:55,2026-03-06 07:31:55,0,,,,,,,,,,,,,30,,,,,,1294,,,,,,,,,,,,{},{},,,,,,,,,,,,,2026-03-06 07:31:55
财经葛先生,7612589955080244006,"",2026-03-06 07:32:29,2026-03-06 07:32:29,0,,,,,,,,,,,,,30,,,,,,1082,,,,,,,,,,,,{},{},,,,,,,,,,,,,2026-03-06 07:32:29
财经葛先生,7612488762118998811,"",2026-03-06 07:33:03,2026-03-06 07:33:03,0,,,,,,,,,,,,,30,,,,,,1268,,,,,,,,,,,,{},{},,,,,,,,,,,,,2026-03-06 07:33:03
财经葛先生,7612257302585985826,"",2026-03-06 07:33:38,2026-03-06 07:33:38,0,,,,,,,,,,,,,29,,,,,,1400,,,,,,,,,,,,{},{},,,,,,,,,,,,,2026-03-06 07:33:38
财经葛先生,7611913805508922127,"",2026-03-06 07:34:12,2026-03-06 07:34:12,0,,,,,,,,,,,,,30,,,,,,1874,,,,,,,,,,,,{},{},,,,,,,,,,,,,2026-03-06 07:34:12
财经葛先生,7611029632099928884,"",2026-03-06 07:34:50,2026-03-06 07:34:50,0,,,,,,,,,,,,,30,,,,,,1704,,,,,,,,,,,,{},{},,,,,,,,,,,,,2026-03-06 07:34:50
财经葛先生,7611029088056118016,"",2026-03-06 07:35:25,2026-03-06 07:35:25,0,,,,,,,,,,,,,20,,,,,,39,,,,,,,,,,,,{},{},,,,,,,,,,,,,2026-03-06 07:35:25
财经葛先生,7610042022677826344,"",2026-03-06 07:36:00,2026-03-06 07:36:00,0,,,,,,,,,,,,,29,,,,,,1166,,,,,,,,,,,,{},{},,,,,,,,,,,,,2026-03-06 07:36:00
财经葛先生,7608181935181024035,"",2026-03-06 07:36:34,2026-03-06 07:36:34,0,,,,,,,,,,,,,29,,,,,,2000,,,,,,,,,,,,{},{},,,,,,,,,,,,,2026-03-06 07:36:34
财经葛先生,7606337562029951744,"",2026-03-06 07:37:09,2026-03-06 07:37:09,0,,,,,,,,,,,,,30,,,,,,1602,,,,,,,,,,,,{},{},,,,,,,,,,,,,2026-03-06 07:37:09
财经葛先生,7606177405870312219,"",2026-03-06 07:37:44,2026-03-06 07:37:44,0,,,,,,,,,,,,,30,,,,,,1100,,,,,,,,,,,,{},{},,,,,,,,,,,,,2026-03-06 07:37:44
财经葛先生,7614124052862012194,"今夜非农公布 黄金 白银 如何",2026-03-06 12:50:18,2026-03-06 12:50:18,0,,,,,,,,,,,,,550,,,,,,4152,,,,,,,,,,,,{},{},,,,,,,,,,,,,2026-03-06 12:50:18
财经葛先生,7614124052862012194,"",2026-03-06 14:50:27,2026-03-06 14:50:27,0,,,,,,,,,,,,,29,,,,,,2080,,,,,,,,,,,,{},{},,,,,,,,,,,,,2026-03-06 14:50:27
财经葛先生,7615089151255366409,"A股黄金暴跌！该咋办啊？",2026-03-09 03:15:48,2026-03-09 03:15:48,0,,,,,,,,,,,,,419,,,,,,2417,,,,,,,,,,,,{},{},,,,,,,,,,,,,2026-03-09 03:15:48
财经葛先生,7615186481795124006,"A股黄金暴跌！该咋办啊？",2026-03-09 09:33:17,2026-03-09 09:33:17,0,,,,,,,,,,,,,381,,,,,,2069,,,,,,,,,,,,{},{},,,,,,,,,,,,,2026-03-09 09:33:17
财经葛先生,7615461163698588442,"A股黄金暴力拉升！能上车？",2026-03-10 03:19:19,2026-03-10 03:19:19,0,,,,,,,,,,,,,398,,,,,,1984,,,,,,,,,,,,{},{},,,,,,,,,,,,,2026-03-10 03:19:19
财经葛先生,7615557057640024882,"冲突基本结束！A股、黄金要起飞?",2026-03-10 09:31:24,2026-03-10 09:31:24,0,,,,,,,,,,,,,401,,,,,,2043,,,,,,,,,,,,{},{},,,,,,,,,,,,,2026-03-10 09:31:24
财经葛先生,7615831541628832538,"黄金、白银、原油、A股，反攻真的要来了吗？",2026-03-11 03:16:27,2026-03-11 03:16:27,0,,,,,,,,,,,,,388,,,,,,2020,,,,,,,,,,,,{},{},,,,,,,,,,,,,2026-03-11 03:16:27
财经葛先生,7615967490429946639,"今夜CPI 公布 黄金 A股？",2026-03-11 12:03:48,2026-03-11 12:03:48,0,,,,,,,,,,,,,409,,,,,,2996,,,,,,,,,,,,{},{},,,,,,,,,,,,,2026-03-11 12:03:48
财经葛先生,7616202916785392419,"黄金 A股 关键节点 短线如何",2026-03-12 03:17:48,2026-03-12 03:17:48,0,,,,,,,,,,,,,412,,,,,,2482,,,,,,,,,,,,{},{},,,,,,,,,,,,,2026-03-12 03:17:48
财经葛先生,7616349348443785984,"黄金 A股 关键节点 短线如何",2026-03-12 12:45:35,2026-03-12 12:45:35,0,,,,,,,,,,,,,209,,,,,,41,,,,,,,,,,,,{},{},,,,,,,,,,,,,2026-03-12 12:45:35
财经葛先生,7616349782214298383,"黄金 A股 关键节点 短线如何",2026-03-12 12:47:22,2026-03-12 12:47:22,0,,,,,,,,,,,,,384,,,,,,2640,,,,,,,,,,,,{},{},,,,,,,,,,,,,2026-03-12 12:47:22
财经葛先生,7616586440104889126,"黄金 A股 关键节点 短线如何",2026-03-13 04:05:50,2026-03-13 04:05:50,0,,,,,,,,,,,,,384,,,,,,2430,,,,,,,,,,,,{},{},,,,,,,,,,,,,2026-03-13 04:05:50
财经葛先生,7616671041875708718,"黄金、A股断崖下跌！到底咋了？",2026-03-13 09:34:07,2026-03-13 09:34:07,0,,,,,,,,,,,,,414,,,,,,1936,,,,,,,,,,,,{},{},,,,,,,,,,,,,2026-03-13 09:34:07
财经葛先生,7617698096193030958,"黄金、A股暴跌！到底咋了？",2026-03-16 03:59:30,2026-03-16 03:59:30,0,,,,,,,,,,,,,395,,,,,,2533,,,,,,,,,,,,{},{},,,,,,,,,,,,,2026-03-16 03:59:30
财经葛先生,7617783330771110702,"黄金走弱，有色暴跌，A 股如何布局？",2026-03-16 09:30:18,2026-03-16 09:30:18,0,,,,,,,,,,,,,433,,,,,,2111,,,,,,,,,,,,{},{},,,,,,,,,,,,,2026-03-16 09:30:18
财经葛先生,7618069773691259675,"A股、黄金反弹！终于要涨了吗？",2026-03-17 04:01:56,2026-03-17 04:01:56,0,,,,,,,,,,,,,387,,,,,,2479,,,,,,,,,,,,{},{},,,,,,,,,,,,,2026-03-17 04:01:56
财经葛先生,7618154774584019762,"注意!!! A股暴跌！加仓？逃跑？",2026-03-17 09:31:53,2026-03-17 09:31:53,0,,,,,,,,,,,,,384,,,,,,2007,,,,,,,,,,,,{},{},,,,,,,,,,,,,2026-03-17 09:31:53
财经葛先生,7618441906955062042,"A股、黄金大跌！牛没了？",2026-03-18 04:06:02,2026-03-18 04:06:02,0,,,,,,,,,,,,,399,,,,,,2413,,,,,,,,,,,,{},{},,,,,,,,,,,,,2026-03-18 04:06:02
财经葛先生,7618527294381968179,"A股科技领涨！黄金微跌！",2026-03-18 09:37:24,2026-03-18 09:37:24,0,,,,,,,,,,,,,385,,,,,,1717,,,,,,,,,,,,{},{},,,,,,,,,,,,,2026-03-18 09:37:24
财经葛先生,7618576251854605091,"美联储会议召开 黄金暴跌如何？",2026-03-18 12:47:08,2026-03-18 12:47:08,0,,,,,,,,,,,,,470,,,,,,2392,,,,,,,,,,,,{},{},,,,,,,,,,,,,2026-03-18 12:47:08
财经葛先生,7618811302768642866,"黄金 A 股齐崩，抄底还是止损？",2026-03-19 03:59:21,2026-03-19 03:59:21,0,,,,,,,,,,,,,403,,,,,,2489,,,,,,,,,,,,{},{},,,,,,,,,,,,,2026-03-19 03:59:21
财经葛先生,7618896864083168046,"黄金狂泻！A股跌破4000！牛没了吗？",2026-03-19 09:31:19,2026-03-19 09:31:19,0,,,,,,,,,,,,,470,,,,,,2081,,,,,,,,,,,,{},{},,,,,,,,,,,,,2026-03-19 09:31:19
财经葛先生,7619182520983014190,"终于止跌！风险解除了吗",2026-03-20 03:59:52,2026-03-20 03:59:52,0,,,,,,,,,,,,,423,,,,,,2031,,,,,,,,,,,,{},{},,,,,,,,,,,,,2026-03-20 03:59:52
财经葛先生,7619267758798686986,"A股失守4000 黄金跌宕；速来！抓下周策略！",2026-03-20 09:30:36,2026-03-20 09:30:36,0,,,,,,,,,,,,,419,,,,,,2213,,,,,,,,,,,,{},{},,,,,,,,,,,,,2026-03-20 09:30:36
财经葛先生,7620293488164244234,"黄金、A股暴跌，要跑呢？",2026-03-23 03:51:02,2026-03-23 03:51:02,0,,,,,,,,,,,,,503,,,,,,1890,,,,,,,,,,,,{},{},,,,,,,,,,,,,2026-03-23 03:51:02
财经葛先生,7620380987691780915,"黄金、A股暴跌！ 明天要跑吗？",2026-03-23 09:30:29,2026-03-23 09:30:29,0,,,,,,,,,,,,,522,,,,,,1780,,,,,,,,,,,,{},{},,,,,,,,,,,,,2026-03-23 09:30:29
财经葛先生,7620667034346736411,"黄金、A股反弹！能抄底了吗？",2026-03-24 04:00:22,2026-03-24 04:00:22,0,,,,,,,,,,,,,410,,,,,,2079,,,,,,,,,,,,{},{},,,,,,,,,,,,,2026-03-24 04:00:22
财经葛先生,7620752105975843593,"黄金、A股反弹！能抄底了吗？",2026-03-24 09:30:48,2026-03-24 09:30:48,0,,,,,,,,,,,,,416,,,,,,2258,,,,,,,,,,,,{},{},,,,,,,,,,,,,2026-03-24 09:30:48
财经葛先生,7621038194691230514,"A股、黄金终于反弹！如何去布局呢?",2026-03-25 04:00:46,2026-03-25 04:00:46,0,,,,,,,,,,,,,448,,,,,,2289,,,,,,,,,,,,{},{},,,,,,,,,,,,,2026-03-25 04:00:46
财经葛先生,7621123069392014106,"A股、黄金终于反弹！如何去布局呢?",2026-03-25 09:30:11,2026-03-25 09:30:11,0,,,,,,,,,,,,,411,,,,,,2217,,,,,,,,,,,,{},{},,,,,,,,,,,,,2026-03-25 09:30:11
财经葛先生,7621123069392014106,"",2026-03-26 02:29:47,2026-03-26 02:29:47,0,,,,,,,,,,,,,28,,,,,,1060,,,,,,,,,,,,{},{},,,,,,,,,,,,,2026-03-26 02:29:47
财经葛先生,7621038194691230514,"",2026-03-26 02:30:27,2026-03-26 02:30:27,0,,,,,,,,,,,,,29,,,,,,1020,,,,,,,,,,,,{},{},,,,,,,,,,,,,2026-03-26 02:30:27
财经葛先生,7620752105975843593,"",2026-03-26 02:31:04,2026-03-26 02:31:04,0,,,,,,,,,,,,,30,,,,,,1104,,,,,,,,,,,,{},{},,,,,,,,,,,,,2026-03-26 02:31:04
财经葛先生,7620667034346736411,"",2026-03-26 02:31:41,2026-03-26 02:31:41,0,,,,,,,,,,,,,28,,,,,,942,,,,,,,,,,,,{},{},,,,,,,,,,,,,2026-03-26 02:31:41
财经葛先生,7620380987691780915,"",2026-03-26 02:32:18,2026-03-26 02:32:18,0,,,,,,,,,,,,,28,,,,,,1082,,,,,,,,,,,,{},{},,,,,,,,,,,,,2026-03-26 02:32:18
财经葛先生,7620293488164244234,"",2026-03-26 02:32:57,2026-03-26 02:32:57,0,,,,,,,,,,,,,30,,,,,,1086,,,,,,,,,,,,{},{},,,,,,,,,,,,,2026-03-26 02:32:57
财经葛先生,7619267758798686986,"",2026-03-26 02:33:39,2026-03-26 02:33:39,0,,,,,,,,,,,,,30,,,,,,1102,,,,,,,,,,,,{},{},,,,,,,,,,,,,2026-03-26 02:33:39
财经葛先生,7619182520983014190,"",2026-03-26 02:34:17,2026-03-26 02:34:17,0,,,,,,,,,,,,,30,,,,,,960,,,,,,,,,,,,{},{},,,,,,,,,,,,,2026-03-26 02:34:17
财经葛先生,7618896864083168046,"",2026-03-26 02:34:57,2026-03-26 02:34:57,0,,,,,,,,,,,,,29,,,,,,1144,,,,,,,,,,,,{},{},,,,,,,,,,,,,2026-03-26 02:34:57
财经葛先生,7618811302768642866,"",2026-03-26 02:35:36,2026-03-26 02:35:36,0,,,,,,,,,,,,,29,,,,,,1160,,,,,,,,,,,,{},{},,,,,,,,,,,,,2026-03-26 02:35:36
财经葛先生,7618576251854605091,"",2026-03-26 02:36:13,2026-03-26 02:36:13,0,,,,,,,,,,,,,29,,,,,,1246,,,,,,,,,,,,{},{},,,,,,,,,,,,,2026-03-26 02:36:13
财经葛先生,7618527294381968179,"",2026-03-26 02:36:50,2026-03-26 02:36:50,0,,,,,,,,,,,,,27,,,,,,900,,,,,,,,,,,,{},{},,,,,,,,,,,,,2026-03-26 02:36:50
财经葛先生,7618441906955062042,"",2026-03-26 02:37:27,2026-03-26 02:37:27,0,,,,,,,,,,,,,30,,,,,,1168,,,,,,,,,,,,{},{},,,,,,,,,,,,,2026-03-26 02:37:27
财经葛先生,7618154774584019762,"",2026-03-26 02:38:03,2026-03-26 02:38:03,0,,,,,,,,,,,,,30,,,,,,1020,,,,,,,,,,,,{},{},,,,,,,,,,,,,2026-03-26 02:38:03
财经葛先生,7618069773691259675,"",2026-03-26 02:38:39,2026-03-26 02:38:39,0,,,,,,,,,,,,,28,,,,,,1160,,,,,,,,,,,,{},{},,,,,,,,,,,,,2026-03-26 02:38:39
财经葛先生,7617783330771110702,"",2026-03-26 02:39:17,2026-03-26 02:39:17,0,,,,,,,,,,,,,30,,,,,,1100,,,,,,,,,,,,{},{},,,,,,,,,,,,,2026-03-26 02:39:17
财经葛先生,7617698096193030958,"",2026-03-26 02:39:53,2026-03-26 02:39:53,0,,,,,,,,,,,,,30,,,,,,1196,,,,,,,,,,,,{},{},,,,,,,,,,,,,2026-03-26 02:39:53
财经葛先生,7616671041875708718,"",2026-03-26 02:40:31,2026-03-26 02:40:31,0,,,,,,,,,,,,,30,,,,,,984,,,,,,,,,,,,{},{},,,,,,,,,,,,,2026-03-26 02:40:31
财经葛先生,7616586440104889126,"",2026-03-26 02:41:09,2026-03-26 02:41:09,0,,,,,,,,,,,,,30,,,,,,1136,,,,,,,,,,,,{},{},,,,,,,,,,,,,2026-03-26 02:41:09
财经葛先生,7616349782214298383,"",2026-03-26 02:41:44,2026-03-26 02:41:44,0,,,,,,,,,,,,,29,,,,,,1280,,,,,,,,,,,,{},{},,,,,,,,,,,,,2026-03-26 02:41:44
财经葛先生,7616349348443785984,"",2026-03-26 02:42:20,2026-03-26 02:42:20,0,,,,,,,,,,,,,19,,,,,,30,,,,,,,,,,,,{},{},,,,,,,,,,,,,2026-03-26 02:42:20
财经葛先生,7616202916785392419,"",2026-03-26 02:42:56,2026-03-26 02:42:56,0,,,,,,,,,,,,,29,,,,,,1188,,,,,,,,,,,,{},{},,,,,,,,,,,,,2026-03-26 02:42:56
财经葛先生,7615967490429946639,"",2026-03-26 02:43:31,2026-03-26 02:43:31,0,,,,,,,,,,,,,29,,,,,,1416,,,,,,,,,,,,{},{},,,,,,,,,,,,,2026-03-26 02:43:31
财经葛先生,7615831541628832538,"",2026-03-26 02:44:07,2026-03-26 02:44:07,0,,,,,,,,,,,,,30,,,,,,960,,,,,,,,,,,,{},{},,,,,,,,,,,,,2026-03-26 02:44:07
财经葛先生,7615557057640024882,"",2026-03-26 02:44:44,2026-03-26 02:44:44,0,,,,,,,,,,,,,30,,,,,,1000,,,,,,,,,,,,{},{},,,,,,,,,,,,,2026-03-26 02:44:44
财经葛先生,7615461163698588442,"",2026-03-26 02:45:21,2026-03-26 02:45:21,0,,,,,,,,,,,,,30,,,,,,950,,,,,,,,,,,,{},{},,,,,,,,,,,,,2026-03-26 02:45:21
财经葛先生,7615186481795124006,"",2026-03-26 02:45:57,2026-03-26 02:45:57,0,,,,,,,,,,,,,30,,,,,,996,,,,,,,,,,,,{},{},,,,,,,,,,,,,2026-03-26 02:45:57
财经葛先生,7615089151255366409,"",2026-03-26 02:46:34,2026-03-26 02:46:34,0,,,,,,,,,,,,,30,,,,,,1080,,,,,,,,,,,,{},{},,,,,,,,,,,,,2026-03-26 02:46:34
财经葛先生,7621411474912594714,"A股、黄金反弹结束！后市如何操作？",2026-03-26 04:09:24,2026-03-26 04:09:24,0,,,,,,,,,,,,,396,,,,,,2109,,,,,,,,,,,,{},{},,,,,,,,,,,,,2026-03-26 04:09:24
财经葛先生,7621494509842647817,"黄金、白银、A股跳水！到底咋办啊？",2026-03-26 09:31:37,2026-03-26 09:31:37,0,,,,,,,,,,,,,425,,,,,,2213,,,,,,,,,,,,{},{},,,,,,,,,,,,,2026-03-26 09:31:37
财经葛先生,7621494509842647817,"",2026-03-26 14:50:23,2026-03-26 14:50:23,0,,,,,,,,,,,,,28,,,,,,1020,,,,,,,,,,,,{},{},,,,,,,,,,,,,2026-03-26 14:50:23
财经葛先生,7621411474912594714,"",2026-03-26 14:51:02,2026-03-26 14:51:02,0,,,,,,,,,,,,,30,,,,,,920,,,,,,,,,,,,{},{},,,,,,,,,,,,,2026-03-26 14:51:02
财经葛先生,7621780395316103963,"黄金、有色、A股翻红！机会还是风险？",2026-03-27 04:00:55,2026-03-27 04:00:55,0,,,,,,,,,,,,,384,,,,,,2481,,,,,,,,,,,,{},{},,,,,,,,,,,,,2026-03-27 04:00:55
财经葛先生,7621866131535514414,"黄金、A股上涨！下周会回落吗？",2026-03-27 09:33:43,2026-03-27 09:33:43,0,,,,,,,,,,,,,426,,,,,,2432,,,,,,,,,,,,{},{},,,,,,,,,,,,,2026-03-27 09:33:43
财经葛先生,7621866131535514414,"",2026-03-27 10:43:29,2026-03-27 10:43:29,0,,,,,,,,,,,,,28,,,,,,1200,,,,,,,,,,,,{},{},,,,,,,,,,,,,2026-03-27 10:43:29
财经葛先生,7621780395316103963,"",2026-03-27 10:44:05,2026-03-27 10:44:05,0,,,,,,,,,,,,,30,,,,,,1040,,,,,,,,,,,,{},{},,,,,,,,,,,,,2026-03-27 10:44:05
财经葛先生,7624091956565527322,"财经葛先生正在直播",2026-04-02 09:31:03,2026-04-02 09:31:03,0,,,,,,,,,,,,,385,,,,,,2663,,,,,,,,,,,,{},{},,,,,,,,,,,,,2026-04-02 09:31:03
财经葛先生,7624091956565527322,"",2026-04-02 14:49:21,2026-04-02 14:49:21,0,,,,,,,,,,,,,30,,,,,,1164,,,,,,,,,,,,{},{},,,,,,,,,,,,,2026-04-02 14:49:21
财经葛先生,7624378637479381811,"A股缩量千亿，目标3800？怎么了？怎么办？",2026-04-03 04:03:35,2026-04-03 04:03:35,0,,,,,,,,,,,,,368,,,,,,1929,,,,,,,,,,,,{},{},,,,,,,,,,,,,2026-04-03 04:03:35
财经葛先生,7624462915755723546,"节后黄金、A股咋走？咋办？",2026-04-03 09:30:35,2026-04-03 09:30:35,0,,,,,,,,,,,,,368,,,,,,2116,,,,,,,,,,,,{},{},,,,,,,,,,,,,2026-04-03 09:30:35
财经葛先生,7624462915755723546,"",2026-04-03 10:46:44,2026-04-03 10:46:44,0,,,,,,,,,,,,,29,,,,,,1022,,,,,,,,,,,,{},{},,,,,,,,,,,,,2026-04-03 10:46:44
财经葛先生,7624378637479381811,"",2026-04-03 10:47:19,2026-04-03 10:47:19,0,,,,,,,,,,,,,27,,,,,,1000,,,,,,,,,,,,{},{},,,,,,,,,,,,,2026-04-03 10:47:19
财经葛先生,7625861663622810378,"4月份黄金、A股咋走？咋办？",2026-04-07 03:58:26,2026-04-07 03:58:26,0,,,,,,,,,,,,,385,,,,,,2664,,,,,,,,,,,,{},{},,,,,,,,,,,,,2026-04-07 03:58:26
财经葛先生,7625947669093010222,"4月份黄金、A股咋走？咋办？",2026-04-07 09:32:04,2026-04-07 09:32:04,0,,,,,,,,,,,,,373,,,,,,2338,,,,,,,,,,,,{},{},,,,,,,,,,,,,2026-04-07 09:32:04
财经葛先生,7625947669093010222,"",2026-04-07 14:49:10,2026-04-07 14:49:10,0,,,,,,,,,,,,,30,,,,,,1114,,,,,,,,,,,,{},{},,,,,,,,,,,,,2026-04-07 14:49:10
财经葛先生,7625861663622810378,"",2026-04-07 14:49:48,2026-04-07 14:49:48,0,,,,,,,,,,,,,30,,,,,,1180,,,,,,,,,,,,{},{},,,,,,,,,,,,,2026-04-07 14:49:48
财经葛先生,7626233306140412682,"黄金重回5000？A股重回4000点？",2026-04-08 04:00:22,2026-04-08 04:00:22,0,,,,,,,,,,,,,359,,,,,,603,,,,,,,,,,,,{},{},,,,,,,,,,,,,2026-04-08 04:00:22
财经葛先生,7626318043601177359,"黄金重回5000？A股重回4000点？",2026-04-08 09:29:21,2026-04-08 09:29:21,0,,,,,,,,,,,,,385,,,,,,1823,,,,,,,,,,,,{},{},,,,,,,,,,,,,2026-04-08 09:29:21
财经葛先生,7626357448558873378,"黄金重回5000？A股重回4000点？",2026-04-08 12:02:10,2026-04-08 12:02:10,0,,,,,,,,,,,,,203,,,,,,82,,,,,,,,,,,,{},{},,,,,,,,,,,,,2026-04-08 12:02:10
财经葛先生,7626358139038124852,"黄金重回5000？A股重回4000点？",2026-04-08 12:04:49,2026-04-08 12:04:49,0,,,,,,,,,,,,,383,,,,,,2878,,,,,,,,,,,,{},{},,,,,,,,,,,,,2026-04-08 12:04:49
财经葛先生,7626358139038124852,"",2026-04-08 14:48:56,2026-04-08 14:48:56,0,,,,,,,,,,,,,29,,,,,,1350,,,,,,,,,,,,{},{},,,,,,,,,,,,,2026-04-08 14:48:56
财经葛先生,7626357448558873378,"",2026-04-08 14:49:33,2026-04-08 14:49:33,0,,,,,,,,,,,,,17,,,,,,69,,,,,,,,,,,,{},{},,,,,,,,,,,,,2026-04-08 14:49:33
财经葛先生,7626318043601177359,"",2026-04-08 14:50:09,2026-04-08 14:50:09,0,,,,,,,,,,,,,28,,,,,,870,,,,,,,,,,,,{},{},,,,,,,,,,,,,2026-04-08 14:50:09
财经葛先生,7626233306140412682,"",2026-04-08 14:50:47,2026-04-08 14:50:47,0,,,,,,,,,,,,,20,,,,,,349,,,,,,,,,,,,{},{},,,,,,,,,,,,,2026-04-08 14:50:47
财经葛先生,7626604556220025650,"黄金、A股又回落！牛走了吗？",2026-04-09 04:01:08,2026-04-09 04:01:08,0,,,,,,,,,,,,,402,,,,,,2388,,,,,,,,,,,,{},{},,,,,,,,,,,,,2026-04-09 04:01:08
财经葛先生,7626690553664539407,"黄金、A股又回落！牛走了吗？",2026-04-09 09:34:57,2026-04-09 09:34:57,0,,,,,,,,,,,,,369,,,,,,1842,,,,,,,,,,,,{},{},,,,,,,,,,,,,2026-04-09 09:34:57
财经葛先生,7626728582307416872,"黄金、A股又回落！牛走了吗？",2026-04-09 12:02:15,2026-04-09 12:02:15,0,,,,,,,,,,,,,361,,,,,,2521,,,,,,,,,,,,{},{},,,,,,,,,,,,,2026-04-09 12:02:15
财经葛先生,7626728582307416872,"",2026-04-09 14:49:44,2026-04-09 14:49:44,0,,,,,,,,,,,,,26,,,,,,1615,,,,,,,,,,,,{},{},,,,,,,,,,,,,2026-04-09 14:49:44
财经葛先生,7626690553664539407,"",2026-04-09 14:50:21,2026-04-09 14:50:21,0,,,,,,,,,,,,,30,,,,,,920,,,,,,,,,,,,{},{},,,,,,,,,,,,,2026-04-09 14:50:21
财经葛先生,7626604556220025650,"",2026-04-09 14:50:59,2026-04-09 14:50:59,0,,,,,,,,,,,,,30,,,,,,1080,,,,,,,,,,,,{},{},,,,,,,,,,,,,2026-04-09 14:50:59
财经葛先生,7626976336749267739,"牛归速回！",2026-04-10 04:03:50,2026-04-10 04:03:50,0,,,,,,,,,,,,,381,,,,,,2388,,,,,,,,,,,,{},{},,,,,,,,,,,,,2026-04-10 04:03:50
财经葛先生,7626976336749267739,"",2026-04-10 10:19:42,2026-04-10 10:19:42,0,,,,,,,,,,,,,29,,,,,,1046,,,,,,,,,,,,{},{},,,,,,,,,,,,,2026-04-10 10:19:42
财经葛先生,7627099139188345635,"黄金、A股又回落！牛走了吗？",2026-04-10 12:00:11,2026-04-10 12:00:11,0,,,,,,,,,,,,,356,,,,,,848,,,,,,,,,,,,{},{},,,,,,,,,,,,,2026-04-10 12:00:11
财经葛先生,7627099139188345635,"",2026-04-10 14:18:29,2026-04-10 14:18:29,0,,,,,,,,,,,,,29,,,,,,390,,,,,,,,,,,,{},{},,,,,,,,,,,,,2026-04-10 14:18:29
财经葛先生,7628217532521810722,"黄金、A股持续震荡！散户咋办？",2026-04-13 12:20:13,2026-04-13 12:20:13,0,,,,,,,,,,,,,364,,,,,,2899,,,,,,,,,,,,{},{},,,,,,,,,,,,,2026-04-13 12:20:13
财经葛先生,7628217532521810722,"",2026-04-13 14:19:20,2026-04-13 14:19:20,0,,,,,,,,,,,,,29,,,,,,1464,,,,,,,,,,,,{},{},,,,,,,,,,,,,2026-04-13 14:19:20
财经葛先生,7628831009345211146,"黄金、A股能持续上涨吗？",2026-04-15 04:00:52,2026-04-15 04:00:52,0,,,,,,,,,,,,,464,,,,,,1850,,,,,,,,,,,,{},{},,,,,,,,,,,,,2026-04-15 04:00:52
财经葛先生,7628953911524985652,"",2026-04-15 11:57:44,2026-04-15 11:57:44,0,,,,,,,,,,,,,1,,,,,,36,,,,,,,,,,,,{},{},,,,,,,,,,,,,2026-04-15 11:57:44
财经葛先生,7628954666503572239,"黄金、A股持续震荡！散户咋办？",2026-04-15 12:00:34,2026-04-15 12:00:34,0,,,,,,,,,,,,,362,,,,,,2408,,,,,,,,,,,,{},{},,,,,,,,,,,,,2026-04-15 12:00:34
财经葛先生,7629201972255640347,"黄金、A股持续震荡！散户咋办？",2026-04-16 04:00:19,2026-04-16 04:00:19,0,,,,,,,,,,,,,413,,,,,,2412,,,,,,,,,,,,{},{},,,,,,,,,,,,,2026-04-16 04:00:19
财经葛先生,7629288792058645299,"",2026-04-16 09:37:32,2026-04-16 09:37:32,0,,,,,,,,,,,,,3,,,,,,300,,,,,,,,,,,,{},{},,,,,,,,,,,,,2026-04-16 09:37:32
财经葛先生,7629325800017267502,"今夜重要数据公布！A股、黄金何去何从？",2026-04-16 12:01:06,2026-04-16 12:01:06,0,,,,,,,,,,,,,403,,,,,,2252,,,,,,,,,,,,{},{},,,,,,,,,,,,,2026-04-16 12:01:06
财经葛先生,7629573195972004646,"行情落幕？还是倒车接人？",2026-04-17 04:00:54,2026-04-17 04:00:54,0,,,,,,,,,,,,,404,,,,,,2192,,,,,,,,,,,,{},{},,,,,,,,,,,,,2026-04-17 04:00:54
财经葛先生,7629573195972004646,"",2026-04-17 06:34:02,2026-04-17 06:34:02,0,,,,,,,,,,,,,30,,,,,,1080,,,,,,,,,,,,{},{},,,,,,,,,,,,,2026-04-17 06:34:02
财经葛先生,7629325800017267502,"",2026-04-17 06:35:19,2026-04-17 06:35:19,0,,,,,,,,,,,,,28,,,,,,1110,,,,,,,,,,,,{},{},,,,,,,,,,,,,2026-04-17 06:35:19
财经葛先生,7629288792058645299,"",2026-04-17 06:36:03,2026-04-17 06:36:03,0,,,,,,,,,,,,,3,,,,,,280,,,,,,,,,,,,{},{},,,,,,,,,,,,,2026-04-17 06:36:03
财经葛先生,7629201972255640347,"",2026-04-17 06:37:07,2026-04-17 06:37:07,0,,,,,,,,,,,,,30,,,,,,1184,,,,,,,,,,,,{},{},,,,,,,,,,,,,2026-04-17 06:37:07
财经葛先生,7628954666503572239,"",2026-04-17 06:37:53,2026-04-17 06:37:53,0,,,,,,,,,,,,,30,,,,,,1168,,,,,,,,,,,,{},{},,,,,,,,,,,,,2026-04-17 06:37:53
财经葛先生,7628953911524985652,"",2026-04-17 06:38:31,2026-04-17 06:38:31,0,,,,,,,,,,,,,1,,,,,,60,,,,,,,,,,,,{},{},,,,,,,,,,,,,2026-04-17 06:38:31
财经葛先生,7628831009345211146,"",2026-04-17 06:39:39,2026-04-17 06:39:39,0,,,,,,,,,,,,,29,,,,,,1064,,,,,,,,,,,,{},{},,,,,,,,,,,,,2026-04-17 06:39:39
财经葛先生,7629697647499758388,"行情落幕？还是倒车接人？",2026-04-17 12:03:50,2026-04-17 12:03:50,0,,,,,,,,,,,,,380,,,,,,4184,,,,,,,,,,,,{},{},,,,,,,,,,,,,2026-04-17 12:03:50
财经葛先生,7630686139386399514,"A股下午会冲击4100吗？",2026-04-20 03:59:47,2026-04-20 03:59:47,0,,,,,,,,,,,,,415,,,,,,2331,,,,,,,,,,,,{},{},,,,,,,,,,,,,2026-04-20 03:59:47
财经葛先生,7630686139386399514,"",2026-04-20 10:19:25,2026-04-20 10:19:25,0,,,,,,,,,,,,,29,,,,,,1160,,,,,,,,,,,,{},{},,,,,,,,,,,,,2026-04-20 10:19:25
财经葛先生,7629697647499758388,"",2026-04-20 10:20:04,2026-04-20 10:20:04,0,,,,,,,,,,,,,30,,,,,,2020,,,,,,,,,,,,{},{},,,,,,,,,,,,,2026-04-20 10:20:04
财经葛先生,7631057447345064750,"上涨结束？还是倒车接人？",2026-04-21 04:00:33,2026-04-21 04:00:33,0,,,,,,,,,,,,,364,,,,,,2439,,,,,,,,,,,,{},{},,,,,,,,,,,,,2026-04-21 04:00:33
财经葛先生,7631057447345064750,"",2026-04-21 10:19:24,2026-04-21 10:19:24,0,,,,,,,,,,,,,30,,,,,,1080,,,,,,,,,,,,{},{},,,,,,,,,,,,,2026-04-21 10:19:24
财经葛先生,7631181321563147008,"",2026-04-21 14:19:16,2026-04-21 14:19:16,0,,,,,,,,,,,,,30,,,,,,1210,,,,,,,,,,,,{},{},,,,,,,,,,,,,2026-04-21 14:19:16
财经葛先生,7632170456398383915,"",2026-04-24 06:41:31,2026-04-24 06:41:31,0,,,,,,,,,,,,,30,,,,,,1100,,,,,,,,,,,,{},{},,,,,,,,,,,,,2026-04-24 06:41:31
财经葛先生,7632166148603890473,"",2026-04-24 06:42:12,2026-04-24 06:42:12,0,,,,,,,,,,,,,1,,,,,,60,,,,,,,,,,,,{},{},,,,,,,,,,,,,2026-04-24 06:42:12
财经葛先生,7631922890652666664,"",2026-04-24 06:42:51,2026-04-24 06:42:51,0,,,,,,,,,,,,,29,,,,,,1260,,,,,,,,,,,,{},{},,,,,,,,,,,,,2026-04-24 06:42:51
财经葛先生,7631799514996312882,"",2026-04-24 06:43:31,2026-04-24 06:43:31,0,,,,,,,,,,,,,30,,,,,,1120,,,,,,,,,,,,{},{},,,,,,,,,,,,,2026-04-24 06:43:31
财经葛先生,7631562439158434575,"",2026-04-24 06:44:08,2026-04-24 06:44:08,0,,,,,,,,,,,,,29,,,,,,1024,,,,,,,,,,,,{},{},,,,,,,,,,,,,2026-04-24 06:44:08
财经葛先生,7631428971367844634,"",2026-04-24 06:44:45,2026-04-24 06:44:45,0,,,,,,,,,,,,,30,,,,,,1100,,,,,,,,,,,,{},{},,,,,,,,,,,,,2026-04-24 06:44:45
财经葛先生,7632294428094384896,"",2026-04-24 14:18:55,2026-04-24 14:18:55,0,,,,,,,,,,,,,25,,,,,,1301,,,,,,,,,,,,{},{},,,,,,,,,,,,,2026-04-24 14:18:55
财经葛先生,7636994903658023730,"",2026-05-07 07:53:33,2026-05-07 07:53:33,0,,,,,,,,,,,,,26,,,,,,1128,,,,,,,,,,,,{},{},,,,,,,,,,,,,2026-05-07 07:53:33
财经葛先生,7636747319593388815,"",2026-05-07 07:54:54,2026-05-07 07:54:54,0,,,,,,,,,,,,,30,,,,,,1190,,,,,,,,,,,,{},{},,,,,,,,,,,,,2026-05-07 07:54:54
财经葛先生,7636623672781933322,"",2026-05-07 07:55:49,2026-05-07 07:55:49,0,,,,,,,,,,,,,29,,,,,,1280,,,,,,,,,,,,{},{},,,,,,,,,,,,,2026-05-07 07:55:49
财经葛先生,7636375750781815586,"",2026-05-07 07:56:26,2026-05-07 07:56:26,0,,,,,,,,,,,,,21,,,,,,1699,,,,,,,,,,,,{},{},,,,,,,,,,,,,2026-05-07 07:56:26
财经葛先生,7636004712357284642,"",2026-05-07 07:57:03,2026-05-07 07:57:03,0,,,,,,,,,,,,,28,,,,,,1348,,,,,,,,,,,,{},{},,,,,,,,,,,,,2026-05-07 07:57:03
财经葛先生,7634892164518005556,"",2026-05-07 07:57:44,2026-05-07 07:57:44,0,,,,,,,,,,,,,29,,,,,,1788,,,,,,,,,,,,{},{},,,,,,,,,,,,,2026-05-07 07:57:44
财经葛先生,7634397265251126026,"",2026-05-07 07:58:20,2026-05-07 07:58:20,0,,,,,,,,,,,,,23,,,,,,1433,,,,,,,,,,,,{},{},,,,,,,,,,,,,2026-05-07 07:58:20
财经葛先生,7634154347823188787,"",2026-05-07 07:58:57,2026-05-07 07:58:57,0,,,,,,,,,,,,,29,,,,,,1138,,,,,,,,,,,,{},{},,,,,,,,,,,,,2026-05-07 07:58:57
财经葛先生,7634026183256394523,"",2026-05-07 07:59:33,2026-05-07 07:59:33,0,,,,,,,,,,,,,29,,,,,,1160,,,,,,,,,,,,{},{},,,,,,,,,,,,,2026-05-07 07:59:33
财经葛先生,7633775583278205711,"",2026-05-07 08:00:09,2026-05-07 08:00:09,0,,,,,,,,,,,,,29,,,,,,1968,,,,,,,,,,,,{},{},,,,,,,,,,,,,2026-05-07 08:00:09
财经葛先生,7633655402496150282,"",2026-05-07 08:00:45,2026-05-07 08:00:45,0,,,,,,,,,,,,,27,,,,,,1382,,,,,,,,,,,,{},{},,,,,,,,,,,,,2026-05-07 08:00:45
财经葛先生,7633283906858486537,"",2026-05-07 08:01:21,2026-05-07 08:01:21,0,,,,,,,,,,,,,26,,,,,,1158,,,,,,,,,,,,{},{},,,,,,,,,,,,,2026-05-07 08:01:21
财经葛先生,7637366039680322342,"",2026-05-08 10:52:43,2026-05-08 10:52:43,0,,,,,,,,,,,,,20,,,,,,1803,,,,,,,,,,,,{},{},,,,,,,,,,,,,2026-05-08 10:52:43
财经葛先生,7637118577040050996,"",2026-05-08 10:53:19,2026-05-08 10:53:19,0,,,,,,,,,,,,,20,,,,,,2061,,,,,,,,,,,,{},{},,,,,,,,,,,,,2026-05-08 10:53:19
